id1,id2
1,2
1,24
1,30
1,356
1,462
1,474
1,559
1,1005
1,1028
1,1255
1,1279
1,1416
1,1497
1,2426
1,2842
1,3079
2,30
2,262
2,356
2,477
2,1005
2,1028
2,1280
2,1505
3,3
3,215
3,401
3,974
4,59
4,69
4,142
4,145
4,162
4,171
4,234
4,236
4,272
4,352
4,465
4,476
4,478
4,499
4,531
4,628
4,646
4,670
4,832
4,837
4,1204
4,1231
4,1295
4,1417
4,1424
4,1688
5,1120
5,2657
6,1774
6,2160
7,12
7,69
7,91
7,296
7,327
7,362
7,437
7,568
7,708
7,792
7,846
7,1050
7,1074
7,1546
7,2442
7,3132
7,3316
7,3888
8,236
8,704
8,1007
8,1087
8,1546
8,1696
8,2663
8,3136
9,226
9,856
10,869
11,77
11,171
11,204
11,224
11,465
11,625
11,746
11,759
11,851
11,899
11,1044
12,64
12,77
12,88
12,116
12,229
12,322
12,380
12,433
12,437
12,525
12,539
12,542
12,592
12,708
12,742
12,744
12,816
12,824
12,832
12,840
12,848
12,982
12,1014
12,1039
12,1139
12,1204
12,1398
12,1623
12,1700
12,2554
12,2556
12,3164
12,3337
12,3342
13,83
13,102
13,131
13,149
13,180
13,183
13,191
13,208
13,231
13,278
13,296
13,341
13,352
13,354
13,362
13,368
13,406
13,478
13,495
13,517
13,526
13,529
13,539
13,542
13,595
13,600
13,611
13,650
13,670
13,694
13,757
13,768
13,792
13,795
13,803
13,816
13,844
13,861
13,947
13,971
13,1039
13,1148
13,1302
13,1378
13,1426
13,1446
13,1503
13,1546
13,1623
13,1680
13,1747
13,2067
13,2807
13,3241
13,3277
13,3903
14,31
14,54
14,76
14,132
14,488
14,583
14,987
14,1011
14,1492
14,2442
14,3604
15,28
15,164
15,255
15,458
15,480
15,1522
16,224
16,1055
17,19
17,83
17,91
17,191
17,325
17,451
17,486
17,665
17,769
17,1008
17,1009
17,1070
17,1277
17,1399
17,2610
17,2745
17,2758
17,2894
18,183
19,451
19,744
19,769
19,848
19,1070
19,2441
19,2610
20,77
20,81
20,91
20,142
20,145
20,200
20,422
20,495
20,496
20,678
20,736
20,851
20,937
20,953
20,971
20,1031
20,1082
20,1099
20,1250
20,1313
20,1372
20,1518
20,1672
20,2571
20,2666
20,2736
20,2989
20,3219
20,3246
20,3261
20,3331
20,3514
21,1966
22,157
22,306
22,860
22,3762
23,24
23,58
23,350
23,633
23,987
24,767
25,470
25,741
25,767
25,1153
25,1550
26,83
26,92
26,1809
27,587
27,759
27,1031
27,2028
28,50
28,255
28,480
28,1256
28,1522
28,2237
29,83
29,86
29,91
29,102
29,652
29,677
29,712
29,818
29,982
29,1026
29,1127
29,3240
30,477
30,1005
30,1028
30,1505
31,54
31,63
31,270
31,291
31,299
31,894
31,970
32,49
32,142
32,295
33,466
33,666
33,931
33,2084
33,2689
34,742
34,863
34,912
34,3243
34,3319
35,171
35,602
35,603
35,1053
35,1634
35,1676
35,1913
35,2322
36,224
36,310
36,552
36,2214
37,155
37,615
37,2039
37,2106
37,3584
38,310
39,156
39,177
39,209
39,626
39,863
39,1176
39,1191
39,1573
40,84
40,350
40,657
40,744
40,1225
40,1602
40,2758
40,2792
41,1558
41,3120
42,211
43,139
43,401
43,633
43,663
43,985
44,1304
44,2490
44,2927
45,223
45,428
45,520
45,531
45,767
45,1313
46,384
46,3422
47,57
47,72
47,89
47,1101
47,1256
48,219
48,370
49,77
49,81
49,93
49,133
49,142
49,171
49,318
49,462
49,474
49,539
49,603
49,851
49,860
49,1296
49,1853
49,2005
49,2113
49,2278
49,3895
50,164
50,480
50,1522
51,129
51,588
51,1505
51,3007
52,3518
53,610
53,2765
54,71
54,260
54,312
54,609
54,863
54,894
54,1480
54,1869
54,2728
54,3032
54,3204
55,542
55,690
56,494
56,627
56,1066
56,3783
57,202
57,613
57,744
57,1961
58,142
58,187
58,234
58,352
58,528
58,1099
58,1518
58,1795
59,103
59,127
59,142
59,183
59,401
59,676
59,2321
59,3284
60,2023
60,2258
61,694
62,64
62,88
63,845
63,1280
64,1048
64,3192
64,3337
65,657
66,3320
66,3850
67,102
67,3073
68,91
68,128
68,183
68,208
68,283
68,503
68,561
68,916
68,1046
68,1262
68,1342
68,1364
68,1510
68,1984
68,2261
68,2485
68,2770
68,3241
68,3337
68,3339
69,385
69,406
69,433
69,568
69,570
69,587
69,610
69,708
69,1578
69,1751
69,2571
69,3886
70,102
70,148
71,894
71,1946
71,2357
71,2728
72,3766
73,411
73,811
73,1281
73,1516
73,1957
73,2146
73,3271
73,3860
74,626
75,540
76,96
76,136
76,220
76,273
76,581
76,808
76,970
76,1255
76,3012
77,81
77,105
77,115
77,135
77,145
77,214
77,322
77,476
77,517
77,626
77,635
77,645
77,719
77,732
77,736
77,811
77,851
77,860
77,953
77,1020
77,1052
77,1082
77,1099
77,1139
77,1274
77,1313
77,1384
77,1466
77,1602
77,1644
77,1752
77,1973
77,2067
77,2200
77,2214
77,2401
77,2571
77,2598
77,2679
77,2736
77,2956
77,2989
77,3065
77,3265
77,3537
78,118
78,155
78,1256
78,1961
78,3044
79,1141
79,1427
79,1918
79,1926
79,2762
79,3594
80,252
80,267
80,1188
80,1264
80,1700
80,2014
80,2853
80,2909
80,2910
80,2916
80,2929
80,2984
80,3020
80,3044
80,3045
80,3073
80,3096
80,3214
80,3249
80,3343
80,3390
80,3391
80,3424
80,3536
80,3557
80,3795
81,116
81,322
81,660
81,863
81,1204
81,1752
81,2067
82,122
82,224
82,504
82,712
82,1883
82,1903
82,2552
82,3621
83,91
83,116
83,136
83,156
83,180
83,183
83,191
83,243
83,380
83,448
83,542
83,561
83,684
83,708
83,901
83,973
83,1189
83,1202
83,1274
83,1308
83,1446
83,1983
83,2442
83,2697
83,3189
83,3253
84,121
84,144
84,175
84,193
84,268
84,518
84,525
84,684
84,744
84,832
84,845
84,863
84,915
84,1082
84,1110
84,1457
84,1513
84,1602
85,87
85,122
85,666
85,1431
85,1883
85,2169
85,2875
85,3489
86,191
86,712
86,836
87,122
87,372
87,1478
87,1883
87,2169
87,2875
88,180
88,643
88,832
88,863
89,854
89,882
90,143
90,737
90,1095
90,1099
90,1162
90,2847
91,92
91,115
91,127
91,136
91,183
91,191
91,231
91,244
91,329
91,352
91,354
91,385
91,406
91,419
91,478
91,525
91,542
91,554
91,628
91,633
91,648
91,652
91,654
91,705
91,708
91,735
91,803
91,884
91,899
91,905
91,916
91,1017
91,1039
91,1046
91,1097
91,1155
91,1290
91,1297
91,1342
91,1375
91,1462
91,1672
91,1675
91,1765
91,1793
91,1931
91,2009
91,2055
91,2089
91,2166
91,2261
91,2365
91,2519
91,2807
91,2961
91,3007
91,3050
91,3073
91,3120
91,3192
91,3300
91,3511
91,3702
92,191
92,3947
93,133
93,139
93,295
93,356
93,361
93,503
93,605
93,843
93,851
93,971
93,1031
93,1082
93,1505
93,1602
93,1810
93,2564
93,3810
94,234
94,437
94,632
94,973
94,982
94,2209
95,834
96,273
96,1416
96,1608
96,2048
97,583
97,1443
98,234
99,325
99,459
99,1406
99,1880
100,351
100,566
100,699
100,1232
100,1509
100,2357
100,3014
101,282
101,1137
101,2095
102,155
102,156
102,180
102,184
102,207
102,213
102,225
102,240
102,275
102,310
102,463
102,483
102,489
102,521
102,577
102,585
102,587
102,648
102,650
102,719
102,729
102,915
102,916
102,920
102,1003
102,1046
102,1067
102,1243
102,1293
102,1321
102,1446
102,1493
102,1590
102,1643
102,1645
102,1672
102,1847
102,1967
102,2166
102,2261
102,2321
102,2393
102,2514
102,2594
102,2682
102,2685
102,2861
102,2907
102,3039
102,3053
102,3164
102,3185
102,3277
102,3424
102,3433
102,3508
102,3514
102,3516
102,3628
102,3684
102,3702
102,3989
103,156
103,183
103,236
103,329
103,380
103,676
103,888
103,2733
104,2819
105,141
105,186
105,235
105,380
105,645
105,768
105,920
105,977
105,982
105,1017
105,1262
105,1273
105,1285
105,1361
105,1451
105,1797
105,2571
105,2644
105,2739
105,3164
105,3180
105,3382
106,1059
107,718
108,1056
108,1194
109,112
109,257
109,359
109,418
109,441
109,756
109,854
109,1022
109,1453
109,1787
109,3278
109,3566
109,3853
110,1516
111,268
111,275
111,464
111,476
111,503
111,682
111,821
111,851
111,1702
111,1740
113,127
113,222
113,840
113,941
113,1921
113,1951
114,275
115,183
115,224
115,243
115,258
115,380
115,542
115,548
115,566
115,784
115,860
115,1341
115,1586
115,2571
116,231
116,340
116,362
116,397
116,406
116,411
116,744
116,2442
116,3424
116,3856
117,2283
118,1264
119,1253
120,275
120,982
122,185
122,247
122,504
122,791
122,794
122,931
122,982
122,1406
122,1621
122,1710
122,1824
122,1883
122,1886
122,1903
122,1944
122,2013
122,2169
122,2277
122,2552
122,2771
122,2875
122,2983
123,374
123,2493
124,224
124,486
125,960
126,1433
127,542
127,587
127,840
127,1921
129,684
130,376
131,291
131,525
131,680
131,744
131,887
131,1293
131,1660
131,2635
132,226
132,3024
133,171
133,1871
133,1955
134,224
134,380
135,401
135,765
135,800
135,936
135,1160
135,1582
135,1646
135,1840
135,2160
135,2576
135,2649
135,2680
135,3135
135,3438
135,3630
135,3653
135,3948
136,165
136,187
136,273
136,342
136,348
136,411
136,460
136,566
136,619
136,767
136,851
136,1014
136,1150
136,1210
136,1243
136,1302
136,1634
136,2200
136,2442
136,3337
136,3594
137,265
137,453
137,476
137,797
137,935
137,1427
137,1466
137,2103
137,2695
137,3356
137,3594
138,1268
138,1515
139,180
139,193
139,291
139,465
139,478
139,499
139,508
139,691
139,865
139,1028
139,1047
139,1082
139,1085
139,1265
139,1331
139,1349
139,1602
139,2092
139,2571
139,3670
140,380
140,525
140,863
140,1273
141,329
141,427
142,171
142,224
142,272
142,462
142,605
142,693
142,767
142,793
142,1028
142,1082
142,1853
142,3888
143,362
143,737
143,1176
144,1364
145,171
145,637
145,645
145,953
145,1082
145,2214
145,2666
145,3246
146,568
146,626
146,1755
146,3850
147,224
147,1373
147,3267
148,626
148,1589
148,1676
148,1990
149,525
149,684
149,1119
149,1566
149,1717
149,2214
149,2215
149,2554
149,2723
149,4016
150,206
150,1029
150,1067
150,1273
150,1346
150,1654
150,1715
150,1986
150,2245
150,2442
150,2899
150,3129
150,3611
151,379
151,437
151,863
151,1623
151,1688
151,2202
151,2321
152,272
152,863
152,1204
152,3009
152,3088
153,297
154,199
155,164
155,217
155,255
155,336
155,346
155,428
155,1107
155,1413
155,1455
155,1868
155,1961
155,2177
155,2442
155,2458
155,2494
155,2560
155,2566
155,2687
155,2707
155,2761
155,2914
155,3044
155,3073
155,3124
155,3191
155,3235
155,3310
155,3724
155,3755
156,193
156,243
156,296
156,525
156,647
156,670
156,744
156,863
156,912
156,1148
156,1189
156,1641
156,1680
156,1998
156,2442
156,2554
156,3200
156,3277
156,3424
157,449
157,860
158,316
158,563
158,612
158,1773
158,2307
158,2905
158,2942
159,450
159,472
159,480
160,901
160,1762
161,204
161,318
161,380
161,856
161,3014
161,3517
162,270
162,469
162,629
162,987
162,1283
162,2907
163,331
163,420
163,567
163,631
163,1084
163,2715
163,3491
163,3547
163,3880
163,3963
164,223
164,239
164,250
164,300
164,394
164,409
164,450
164,463
164,551
164,1100
164,1446
164,1522
164,1961
164,1980
164,2177
164,2237
164,2243
164,2447
164,2459
164,2496
164,2557
164,2821
164,2919
164,3793
165,506
165,566
165,767
165,813
166,539
166,603
166,1544
166,2727
166,2842
166,3613
166,3670
167,224
167,404
168,2910
169,170
169,538
169,2051
170,538
171,183
171,224
171,295
171,361
171,433
171,434
171,504
171,531
171,646
171,656
171,715
171,823
171,837
171,875
171,899
171,967
171,969
171,1383
171,1672
171,1853
171,1879
171,2278
171,2529
171,2571
171,3007
171,3011
171,3537
171,3888
172,535
172,3272
172,3302
173,373
174,231
175,1440
175,3014
176,324
177,417
178,1577
178,1977
178,3092
179,1189
179,1389
179,1717
179,2954
179,3450
180,281
180,291
180,296
180,342
180,354
180,465
180,568
180,587
180,708
180,863
180,912
180,1253
180,1717
180,3192
181,675
181,1031
181,1318
181,1963
182,470
182,525
182,625
182,987
182,1173
182,1310
183,191
183,215
183,236
183,280
183,324
183,352
183,380
183,676
183,1002
183,1809
183,3674
183,3888
184,521
184,744
184,1014
184,2979
184,3607
185,1345
185,1820
185,2169
185,2232
186,916
187,327
187,544
187,648
187,742
187,1055
187,1131
187,1607
187,1933
187,2049
187,2080
187,2629
187,3120
188,263
188,331
188,1354
188,2227
189,281
189,674
189,1122
189,1342
189,1505
189,3164
189,3241
190,495
190,1236
191,216
191,426
191,427
191,775
191,1327
192,984
193,291
193,419
193,452
193,503
193,544
193,587
193,611
193,679
193,742
193,982
193,1014
193,1121
193,1268
193,1362
193,1841
193,2241
193,3503
193,3628
194,279
194,1930
194,1998
195,243
195,1053
195,1059
196,1177
196,1311
196,2583
196,3421
196,3729
197,509
197,1857
198,526
198,981
198,1618
199,882
199,1209
200,268
200,746
200,802
200,1269
200,3418
201,1481
201,1713
201,3208
201,3544
201,3863
202,3766
203,412
203,1854
203,1869
204,322
204,350
204,856
204,985
204,1243
204,2554
204,3592
205,583
205,752
205,3799
206,1067
206,1346
206,1654
206,2245
207,525
207,1243
207,1478
207,1598
208,383
208,670
208,958
208,1295
208,1342
210,562
210,1697
210,1826
211,641
212,623
212,1393
212,1717
214,1720
214,1816
214,1973
214,2156
216,904
216,2141
216,2995
217,232
217,308
217,328
217,362
217,404
217,428
217,561
217,649
217,670
217,736
217,821
217,845
217,935
217,1210
217,1296
217,1526
217,1696
218,277
218,279
218,322
218,354
218,489
218,628
218,671
218,839
218,863
218,1062
218,1131
218,1618
218,1672
218,1998
218,2006
218,2134
218,2155
218,2204
218,2775
218,2952
218,2954
218,3164
219,1414
220,227
220,248
220,286
220,411
220,499
220,521
220,543
220,587
220,808
220,1283
220,1408
220,2612
221,2910
222,1046
222,1662
223,626
224,233
224,236
224,290
224,293
224,350
224,434
224,505
224,507
224,637
224,639
224,708
224,905
224,952
224,1097
224,1853
225,285
225,682
225,1598
225,3958
226,521
226,682
226,1053
227,1283
228,1074
229,354
229,373
229,384
229,1051
229,1273
229,2343
229,2442
229,2884
230,3582
231,358
231,1237
231,1765
231,2452
232,548
232,744
232,957
232,982
232,1526
234,411
234,616
234,1099
235,322
235,329
235,495
235,500
235,585
235,619
235,678
235,753
235,759
235,982
235,1042
235,1297
235,1451
235,1474
235,1475
235,1530
235,1537
235,1605
235,1675
235,1695
235,1808
235,2220
235,2258
235,2320
235,2391
235,2493
235,2535
235,2641
235,2678
235,2723
235,2847
235,3107
235,3121
235,3138
235,3311
235,3997
236,248
236,270
236,299
236,380
236,478
236,568
236,586
236,626
236,656
236,742
236,848
236,1007
236,1099
236,1406
236,2326
236,2571
236,2685
236,2944
236,3136
236,3145
237,2330
237,3474
238,1747
238,3865
239,255
239,463
239,850
239,1100
239,2177
239,2821
240,433
240,435
240,525
240,905
240,1129
240,1154
240,2089
240,3595
241,693
241,712
241,1304
241,2752
241,3293
241,3331
242,1273
243,564
243,648
243,916
243,952
243,1083
243,1095
243,1189
243,1306
243,1342
243,1362
243,1446
243,1643
243,1671
243,1714
243,1740
243,2321
243,2608
243,2716
243,3359
244,687
244,802
244,863
244,1099
244,1362
244,1378
244,2400
244,3073
244,3083
245,2627
246,366
246,703
246,1976
247,354
247,637
247,744
247,863
247,985
247,1082
247,1846
247,1886
247,1920
247,2830
248,277
248,299
248,355
248,404
248,488
248,543
248,550
248,680
248,1050
248,1231
248,1283
248,1293
248,1316
248,1660
248,1672
248,1700
248,1985
248,2491
248,2514
248,2606
248,2961
248,2979
248,3073
248,3192
248,3342
249,3084
250,255
250,409
250,450
250,480
250,2419
250,2459
250,2531
250,2557
250,2694
250,2933
250,3040
250,3324
250,3793
251,1304
251,3594
252,336
252,702
252,1587
253,708
254,756
255,300
255,409
255,851
255,1100
255,1126
255,1380
255,1522
255,2419
255,2447
255,2557
255,2694
256,578
256,2597
256,2904
257,1245
258,380
259,725
260,3940
261,380
262,1554
262,1853
263,630
263,987
264,1564
265,937
265,1863
266,1169
266,1781
266,2096
267,1014
267,3151
268,744
268,753
268,863
268,1602
268,1720
268,2276
268,2442
268,2571
269,981
269,1008
269,1327
269,2936
270,299
270,355
270,488
270,521
270,543
270,550
270,628
270,1231
270,1274
270,1283
270,1581
271,276
271,326
271,1990
272,314
272,594
272,626
272,988
272,1216
272,1217
272,1307
272,1540
272,1847
272,1933
272,1967
272,2058
272,2202
272,2578
272,3445
272,3468
272,3765
273,581
273,819
273,3012
274,1393
275,362
275,694
275,832
275,982
275,1014
275,1046
275,1049
275,1462
275,2220
275,2828
275,3222
277,340
277,443
277,445
277,489
277,518
277,568
277,628
277,635
277,744
277,832
277,848
277,863
277,913
277,1062
277,1083
277,1131
277,1355
277,1463
277,1493
277,1998
277,2006
277,2067
277,2261
277,2321
277,2386
277,2539
277,2775
277,3192
277,3292
277,3342
278,413
278,425
278,626
278,747
278,760
278,792
278,968
278,972
278,1274
278,1342
278,1613
278,1765
278,1822
278,1826
278,3910
279,297
279,671
279,691
279,892
279,1101
279,1852
279,2134
279,2204
279,2851
279,3403
280,427
281,462
281,708
283,625
283,916
283,987
283,1054
283,3339
284,863
284,1377
285,682
285,1598
285,3633
286,970
287,348
287,604
288,834
288,1357
289,621
289,2084
290,343
290,422
290,1027
290,1177
290,1491
290,2565
290,3114
291,488
291,550
291,553
291,680
291,792
291,824
291,863
291,884
291,976
291,1039
291,1231
291,1283
291,1293
291,1375
291,1397
291,1716
291,2192
291,2606
292,670
292,738
292,773
292,1627
292,3329
293,505
294,3400
295,626
295,691
295,1602
295,3018
295,3430
296,327
296,742
296,1109
297,826
297,955
297,1765
297,1930
297,2377
298,935
298,1382
298,1755
299,355
299,488
299,865
299,1099
300,367
300,480
300,740
300,2419
300,2694
301,872
301,1214
301,1370
301,1492
301,1681
301,2081
301,3347
301,3809
302,615
302,3551
302,3713
303,309
304,2495
305,2190
306,364
306,719
306,1012
306,1583
306,3261
306,3850
306,3967
307,355
307,571
307,2142
308,497
308,561
308,851
308,2749
309,336
310,525
310,648
310,719
310,863
310,1343
310,2166
311,1381
312,626
313,744
313,1700
314,594
314,626
314,1021
314,1099
314,1165
314,1217
314,1227
314,1406
314,1914
314,2200
314,3013
315,567
316,1802
317,3651
318,643
318,1430
318,1577
318,1602
318,1853
319,672
320,684
320,742
320,1225
320,2380
321,1014
322,350
322,380
322,422
322,452
322,461
322,585
322,633
322,650
322,686
322,744
322,760
322,844
322,1046
322,1173
322,1288
322,1325
322,1639
322,1662
322,1797
322,1963
322,1965
322,2019
322,2067
322,2146
322,2229
322,2349
322,2462
322,2666
322,2747
322,2807
322,2808
322,2891
322,3014
322,3180
322,3337
322,3382
322,3560
322,3668
322,3918
322,3939
323,361
323,626
323,629
323,1014
323,1446
324,526
324,638
324,1196
324,2033
324,2727
324,3145
324,3750
325,3484
326,720
326,1193
326,3388
326,3496
326,3574
327,2099
327,2825
328,487
328,1141
328,1210
328,2564
328,2762
328,3101
329,374
329,416
329,518
329,568
329,635
329,719
329,744
329,863
329,889
329,1148
329,1273
329,1415
329,1446
329,1731
329,1990
329,2261
329,2442
329,3105
329,3702
330,1768
330,2679
331,498
331,567
331,956
331,1084
331,1792
331,1881
331,2671
331,2772
331,3999
332,337
332,489
332,676
332,694
332,1093
332,1907
332,2683
332,2985
332,3164
332,3514
332,3687
333,1642
334,1150
335,2077
335,2132
335,3485
335,3594
335,3637
336,346
336,558
336,1099
336,1209
336,1329
336,1587
336,2057
336,2495
336,2958
336,3235
337,694
337,3102
338,744
338,1215
338,1302
338,1444
339,771
340,1062
340,1722
340,2554
341,544
341,796
341,1515
342,742
343,422
343,505
343,1027
343,1255
343,2256
343,2565
344,713
344,806
345,1447
345,1862
346,2707
347,2059
347,3100
347,3297
348,561
348,566
348,744
348,1057
348,1063
348,1210
348,1293
348,1526
349,1131
349,2775
349,3052
350,440
350,611
350,650
350,657
350,808
350,889
350,985
350,1150
350,1221
352,517
352,594
352,626
352,767
352,1406
352,1654
352,2782
352,3261
353,851
353,1478
354,626
354,648
354,708
354,744
354,758
354,832
354,863
354,883
354,916
354,1046
354,1077
354,1204
354,1809
354,2842
354,3007
354,3100
354,3192
354,3424
354,3661
354,3915
355,488
355,543
355,571
355,1169
355,1700
355,2380
356,1259
356,1505
356,1719
356,2426
356,3079
357,1461
358,989
358,1340
358,2452
360,489
360,635
360,687
360,1015
361,434
361,566
361,600
361,851
361,1028
361,1602
361,1719
361,2278
361,2613
361,2842
362,433
362,648
362,670
362,719
362,742
362,912
362,1176
362,1193
362,1342
362,1345
362,2364
362,3226
362,3277
363,626
365,1513
365,3306
366,1934
366,1949
366,1976
366,3256
367,2557
368,542
368,744
368,848
368,1119
369,1959
369,1990
369,3042
370,480
371,415
371,1156
371,1228
371,1342
371,1422
371,1622
371,2136
371,2411
371,2461
371,3540
372,2768
372,3667
373,534
373,626
373,980
373,1051
373,1069
373,1361
373,2143
373,3337
373,3594
373,3890
374,619
374,759
374,832
374,863
374,1219
374,1475
374,1603
374,2320
374,2678
374,3182
375,1019
376,832
376,1097
376,1718
376,2046
376,2321
376,2398
377,1165
377,1724
377,1784
377,2439
377,2750
377,2893
378,404
378,500
378,626
378,811
378,1585
378,1606
378,2571
378,2886
378,2994
380,386
380,557
380,585
380,609
380,618
380,633
380,655
380,720
380,784
380,960
380,982
380,985
380,1357
380,1797
380,2281
380,2371
380,2425
380,2432
380,2763
380,2807
380,2880
380,2981
380,3120
380,3258
380,3706
381,3850
382,389
382,744
382,863
383,525
383,670
383,1342
385,646
387,531
388,841
388,1098
388,1135
388,1439
388,1445
388,2152
388,2522
389,526
389,677
389,827
389,863
389,1544
389,2442
389,2755
389,2822
389,3282
389,3289
389,3787
389,3837
389,3915
390,731
390,998
390,1206
390,1936
390,2129
390,2218
390,3222
390,3789
390,3917
390,3980
391,2988
392,398
392,626
393,626
393,3798
393,3923
395,899
395,1461
395,1772
395,2293
396,1297
397,406
398,428
398,730
398,2700
399,460
399,2045
400,1381
401,432
401,3630
402,539
402,637
402,753
402,1128
402,2007
403,579
403,662
404,481
404,500
404,684
404,762
404,767
404,851
404,1020
404,1887
404,2067
404,2396
404,2961
404,3114
405,3558
406,411
406,506
406,684
406,742
406,806
406,811
406,832
406,861
406,912
406,1082
406,1717
406,1815
406,1857
406,2442
406,2554
406,2672
406,2985
407,1872
407,2767
407,3982
408,720
408,1374
409,480
409,1380
409,1522
409,2419
409,2447
409,2592
409,2694
409,2933
410,626
410,2133
410,2604
410,2737
410,3524
410,3667
410,3697
411,413
411,422
411,478
411,489
411,500
411,503
411,576
411,670
411,729
411,735
411,844
411,1225
411,1239
411,1281
411,1302
411,1305
411,1342
411,1351
411,1364
411,1377
411,1466
411,1544
411,1957
411,2080
411,2146
411,2397
411,2623
411,2736
411,2807
411,2836
411,3007
411,3277
411,3506
411,3510
411,3867
412,1854
413,727
413,863
413,897
413,1348
413,1411
413,1830
413,2065
413,3408
414,913
414,1165
415,1622
416,476
416,851
416,882
416,901
416,971
416,1602
417,1313
418,717
418,1787
419,544
420,2715
421,1810
421,1890
422,542
422,594
422,643
422,739
422,752
422,768
422,832
422,1027
422,1037
422,1120
422,1177
422,1341
422,1728
422,1911
422,2350
422,2565
422,2583
422,3114
423,544
424,916
424,2685
424,3850
425,1043
425,3812
427,598
427,626
427,749
427,862
427,2639
427,3425
428,730
428,767
428,851
428,970
428,1331
428,1455
429,818
430,2500
430,3363
431,1348
431,4014
433,464
433,495
433,531
433,539
433,744
433,755
433,803
433,903
433,937
433,960
433,1046
433,1338
433,1411
433,1740
433,1755
433,1846
433,2442
433,2451
433,2796
433,2998
433,3003
433,3508
433,3914
434,1538
434,2000
434,2158
434,2162
434,2644
434,2973
434,3384
434,3414
434,3810
435,626
435,744
435,1189
435,1740
435,1846
435,3359
436,867
436,1851
436,2047
437,517
437,626
437,663
437,684
437,708
437,729
437,792
437,889
437,902
437,916
437,976
437,1300
437,1462
437,1566
437,1680
437,2124
437,3496
437,3628
438,863
438,2442
438,2755
438,3151
439,2637
439,3380
439,3582
440,476
440,687
440,719
440,826
440,863
440,901
440,916
440,2098
440,2591
440,2923
440,3434
441,756
441,1245
441,2958
442,2723
443,2775
444,732
444,1765
444,2571
444,2736
445,556
445,628
445,916
445,1062
445,1131
445,1326
445,1998
445,2006
446,618
447,2018
447,3101
449,1625
449,2875
450,472
450,480
450,1100
450,2557
450,3040
451,838
451,2610
452,1239
453,1180
453,1365
453,1822
453,2018
453,2045
453,2296
453,2880
453,3844
453,4019
454,1195
454,1688
454,2862
454,3809
455,2137
456,531
456,720
456,1656
456,2873
456,3164
456,3585
456,3956
457,491
457,739
457,1214
457,1834
460,531
460,2763
460,3620
461,3668
462,684
462,780
462,2116
462,3186
463,863
463,1126
463,2447
463,3609
464,635
464,808
464,863
464,1319
464,1623
464,1740
465,618
465,851
465,2296
465,2644
467,1563
467,2403
468,863
470,915
470,1237
470,1310
470,1458
470,1680
471,1678
473,626
475,1341
475,1361
475,1655
475,1933
475,2098
475,2285
475,3086
475,3297
476,598
476,678
476,699
476,811
476,851
476,907
476,971
476,1602
476,2666
476,3596
476,3636
477,1028
478,531
478,746
478,863
478,1193
478,1469
478,1503
478,1917
478,2190
478,2615
478,2634
479,626
479,632
479,707
479,982
479,1258
479,1971
479,1990
479,3190
479,3455
479,3824
480,547
480,809
480,882
480,1522
480,2237
480,2459
480,2653
480,2667
480,2694
480,2919
480,2933
480,3228
480,3262
481,1148
481,1664
481,2179
482,871
483,3057
483,3164
483,3424
484,1765
485,521
487,839
487,1526
487,1806
487,2700
487,3246
488,543
488,970
488,1700
488,1771
489,626
489,694
489,744
489,1062
489,1093
489,1131
489,1326
489,1351
489,1990
489,2006
489,2274
489,2550
489,2921
489,3164
489,3514
490,2573
490,3534
491,786
491,2359
492,2672
493,1468
494,627
494,2112
495,626
495,863
495,1014
495,1990
495,2442
496,613
496,626
496,820
496,913
496,1097
496,1218
496,1367
496,1513
496,1824
496,1903
496,2491
496,2555
496,2954
496,2960
496,3966
497,851
498,1881
499,1193
500,715
500,723
500,732
500,744
500,832
500,851
500,863
500,901
500,937
500,988
500,1067
500,1142
500,1210
500,1273
500,1384
500,1388
500,1457
500,1623
500,1788
500,1847
500,1984
500,2091
500,2146
500,2214
500,2276
500,2322
500,2330
500,2346
500,2403
500,2998
500,3180
500,3192
500,3240
500,3597
500,3728
500,3898
500,3955
501,796
501,837
501,845
501,1119
502,754
502,860
503,587
503,626
503,667
503,670
503,971
503,1014
503,1719
503,1954
503,3052
504,626
504,646
504,896
504,899
504,976
504,1069
504,1137
504,1151
504,1883
504,2210
505,916
505,1684
505,2571
505,3160
505,3322
506,1173
506,1615
506,1984
506,2442
506,3073
506,3527
508,936
508,971
508,1474
510,740
510,3426
510,3841
511,744
511,1261
511,1663
511,2908
512,1655
513,587
513,1283
514,2461
515,3400
516,1719
517,635
517,742
517,1295
517,1297
517,1462
518,744
518,803
518,832
518,863
518,887
518,1110
518,1274
518,1809
518,2261
518,2442
518,2755
518,2758
518,3192
519,1451
521,733
521,744
521,868
521,914
521,1014
521,1398
521,1717
521,2429
521,2636
521,2755
521,2932
521,3151
521,3192
522,559
523,3825
524,712
524,1591
524,3151
525,544
525,568
525,648
525,694
525,832
525,845
525,868
525,1003
525,1083
525,1095
525,1097
525,1148
525,1210
525,1265
525,1451
525,1546
525,1641
525,1807
525,2049
525,2220
525,2479
525,2554
525,2700
525,2789
525,3073
525,3277
525,3337
525,3424
525,3461
525,3508
525,3521
525,3842
525,3915
526,744
526,863
526,1512
526,2442
526,3164
526,3252
527,1476
527,3449
528,1839
529,2442
530,621
530,744
531,606
531,618
531,744
531,746
531,837
531,845
531,863
531,1424
531,1449
531,1469
531,1515
531,1594
531,1680
531,1824
531,2190
531,2442
531,2615
531,2727
532,719
532,916
532,3869
533,3594
534,811
534,1423
535,2471
535,3272
536,794
537,946
537,1059
537,1579
537,2059
537,2461
537,3745
538,1663
538,2051
538,3192
539,715
539,726
539,744
539,863
539,1239
539,1342
539,1429
539,1623
539,1915
539,2034
539,2807
539,3180
539,3282
540,749
540,1302
540,3543
541,3476
541,3695
542,583
542,587
542,739
542,863
542,1027
542,1177
542,1341
542,1728
542,1793
542,2565
542,3050
543,1700
544,616
544,725
544,915
544,1341
545,587
545,1239
546,578
546,2873
548,587
548,596
548,599
548,708
548,1050
548,1192
548,1202
548,1295
548,1700
548,2127
549,1185
550,1283
550,1618
550,1700
550,2606
550,2907
551,822
553,1634
554,3806
555,961
555,1359
555,3311
555,3338
556,3125
557,768
557,971
557,1797
559,593
559,1150
559,1910
559,2391
559,2684
560,985
561,566
561,600
561,863
561,916
561,1239
561,1352
561,1457
561,1720
561,1723
561,3670
563,612
563,3627
563,3941
564,2535
565,749
565,925
565,1194
565,2321
566,693
566,767
566,794
566,1057
566,1225
566,1352
566,1546
566,2857
566,2923
567,1084
567,2674
568,619
568,647
568,708
568,719
568,803
568,844
568,845
568,889
568,916
568,1003
568,1015
568,1170
568,1189
568,1273
568,1342
568,1663
568,1672
568,1675
568,1714
568,1859
568,2044
568,2321
568,2554
568,2938
568,2958
568,3023
568,3151
568,3185
568,3277
568,3284
568,3438
568,3538
568,3628
568,3663
568,3842
568,3887
569,578
571,1700
572,3384
573,626
573,814
573,863
573,942
573,1341
573,1491
573,1545
573,1921
573,2205
573,2713
574,1690
575,896
576,693
576,1678
578,858
578,970
578,1150
579,764
579,901
580,600
580,832
580,1886
580,1990
580,3192
581,590
581,1856
581,3012
582,3636
583,744
583,752
583,845
583,938
583,1120
583,1143
583,1341
583,1443
583,1491
584,2321
584,3887
585,1014
585,1217
585,3594
586,2663
586,3492
587,684
587,819
587,845
587,865
587,1011
587,1015
587,1283
587,1293
587,1468
587,1588
587,2065
587,2442
587,2571
587,2964
587,2979
587,3192
587,3198
587,3260
587,3489
587,3761
588,811
588,920
588,961
588,1015
588,1139
588,1676
588,1765
588,2392
588,2861
589,1516
589,1801
589,3537
589,3653
590,597
591,2700
592,1046
592,2608
593,922
593,2030
594,626
594,742
594,802
594,1099
594,1104
594,1300
594,1734
594,2367
594,3258
595,750
595,3514
596,744
596,863
596,1268
598,833
598,862
598,3425
599,863
599,1717
600,660
600,670
600,848
600,1014
600,1099
600,1295
600,1566
600,1676
601,1765
602,1577
602,2736
602,3088
602,3154
603,715
603,849
603,1020
603,2842
603,3911
603,3935
605,693
605,1304
605,1409
605,1678
605,1739
605,3188
605,3360
605,3594
607,1420
607,1506
607,1673
607,3415
608,863
608,912
608,1846
608,1921
609,1390
610,626
610,951
610,1789
610,1859
610,2418
611,1645
611,1984
611,2148
611,2755
611,3758
612,2918
612,3941
613,2217
614,626
615,1961
615,2824
615,2940
615,3841
616,816
616,1496
616,3032
617,1290
618,744
618,851
618,1086
618,1138
618,2491
618,2734
618,3337
619,863
619,1031
619,1250
619,1486
619,2320
619,2436
619,3107
619,3739
620,1904
620,3490
621,763
622,626
623,1202
623,1393
624,635
624,1059
624,1386
624,1736
624,2208
624,3657
624,3949
626,788
626,791
626,794
626,820
626,859
626,890
626,908
626,929
626,932
626,961
626,971
626,975
626,982
626,993
626,998
626,1023
626,1091
626,1104
626,1108
626,1113
626,1168
626,1179
626,1186
626,1206
626,1213
626,1217
626,1243
626,1265
626,1287
626,1307
626,1321
626,1353
626,1367
626,1378
626,1406
626,1462
626,1485
626,1508
626,1511
626,1606
626,1646
626,1734
626,1740
626,1741
626,1824
626,1826
626,1836
626,1843
626,1877
626,1880
626,1892
626,1903
626,1933
626,1953
626,1972
626,2051
626,2062
626,2086
626,2088
626,2119
626,2140
626,2149
626,2180
626,2184
626,2192
626,2200
626,2202
626,2205
626,2216
626,2229
626,2258
626,2263
626,2335
626,2373
626,2374
626,2381
626,2400
626,2455
626,2481
626,2510
626,2535
626,2541
626,2571
626,2578
626,2613
626,2630
626,2657
626,2666
626,2669
626,2712
626,2723
626,2748
626,2751
626,2763
626,2785
626,2840
626,2848
626,2868
626,2880
626,2892
626,2893
626,2944
626,2945
626,2946
626,2954
626,2961
626,2985
626,2988
626,2992
626,2998
626,3052
626,3066
626,3068
626,3101
626,3107
626,3155
626,3180
626,3188
626,3253
626,3258
626,3280
626,3300
626,3336
626,3342
626,3382
626,3390
626,3395
626,3418
626,3482
626,3486
626,3497
626,3552
626,3596
626,3615
626,3647
626,3656
626,3671
626,3686
626,3757
626,3776
626,3807
626,3950
626,3976
627,1066
627,2958
627,3783
628,744
628,848
628,863
628,899
628,912
628,916
628,1062
628,1131
628,1139
628,1326
628,1384
628,1998
628,2109
628,2859
629,657
629,863
629,3819
632,2705
632,2828
632,3354
632,3548
633,686
633,987
633,1449
633,2343
633,2907
633,3776
633,3961
634,734
634,798
634,901
634,1265
634,1342
634,1742
634,2261
635,832
635,1302
635,1306
635,1362
635,1680
635,1990
635,2132
635,2535
635,3689
636,980
636,1130
637,889
637,1082
637,1097
637,1957
637,2666
638,863
638,874
638,1578
638,2033
640,1376
641,1778
642,644
642,1871
642,2554
642,3295
643,3014
644,1871
644,2554
645,811
645,863
645,907
645,953
645,1082
645,1304
645,1372
645,1577
645,1678
645,1805
645,2119
645,2134
645,2209
645,2214
645,2571
645,2666
645,2736
645,2791
645,2911
645,3107
645,3337
646,899
646,1046
646,1069
646,1151
646,2210
647,742
647,744
647,863
647,912
647,982
647,1014
647,1050
647,1148
647,1204
647,1306
647,1623
647,2067
647,2442
647,2631
647,2755
647,2958
647,2988
647,3118
647,3277
648,744
648,1014
648,1046
648,1059
648,1236
648,1297
648,1384
648,1565
648,1847
648,1990
648,1998
648,2090
648,2442
648,2807
648,2943
648,3105
648,3626
648,3702
648,4014
650,1342
650,2442
650,2706
650,3132
650,3597
650,3867
651,848
651,863
652,677
652,712
652,1127
653,3466
654,884
654,937
654,982
654,1046
654,1252
654,1375
654,1462
654,1746
654,1916
654,2209
654,3354
654,3453
654,3531
654,3538
655,660
657,744
657,848
657,1173
657,1368
657,1629
657,1634
657,2464
657,3192
657,3241
657,3527
658,776
658,916
658,1325
658,2029
658,2519
658,3337
658,3850
659,855
660,670
660,779
660,888
660,901
660,1295
660,2045
660,2954
660,3166
661,3245
661,3532
662,863
662,893
662,1225
662,1570
664,2246
664,2479
664,2749
665,1070
665,1815
665,2208
665,2610
665,3702
666,1896
666,3667
667,744
667,1898
667,2442
667,3164
667,3612
668,851
668,3048
669,916
670,684
670,694
670,744
670,802
670,803
670,863
670,915
670,1295
670,1342
670,1457
670,1727
670,2206
670,2998
671,691
671,694
671,2134
671,2152
671,2204
672,3946
673,1218
673,1399
674,3892
676,744
676,848
676,2530
677,958
677,982
679,2755
679,2953
680,1700
680,1756
681,3354
682,1417
682,1598
682,2606
682,3958
683,1101
683,3594
684,705
684,832
684,912
684,915
684,924
684,1150
684,1243
684,1283
684,1308
684,1397
684,1466
684,1493
684,1623
684,1867
684,1871
684,1984
684,2179
684,2213
684,2278
684,2723
684,2861
684,2961
684,3670
684,3912
685,3766
687,802
687,954
687,1234
687,1273
687,1456
687,2804
687,3073
687,3180
687,3388
688,1190
688,1511
688,3552
689,768
689,1746
691,953
691,2762
691,3337
692,945
693,1304
693,1409
693,1678
694,701
694,744
694,1015
694,1123
694,1680
694,1969
694,2006
694,2961
694,3041
694,3180
695,2326
696,3301
697,1061
697,1165
698,712
698,836
698,975
699,1752
699,2571
700,1462
704,901
705,726
705,744
705,832
705,861
705,863
705,1143
705,1560
705,2442
705,2601
705,2755
705,2987
705,3342
705,3684
706,1342
707,3667
708,792
708,836
708,844
708,863
708,915
708,1046
708,1050
708,1082
708,1451
708,1578
708,1700
708,2124
708,2442
708,2733
708,2807
708,2864
708,3284
708,3514
708,3628
709,863
709,1014
710,2718
710,3431
711,2539
712,848
712,913
712,1205
712,1367
712,1435
712,1543
712,1646
712,1717
712,2258
712,2491
712,2968
712,3192
712,3365
713,2498
713,3357
713,3700
714,2893
715,726
715,743
715,863
715,877
715,1180
715,1204
715,1429
715,1509
715,1554
715,1909
715,2067
715,2214
715,2295
715,2390
715,2727
715,2807
715,3014
715,3183
715,3692
715,3895
716,2059
717,1022
717,1380
717,1787
718,2306
718,2700
719,744
719,803
719,826
719,913
719,952
719,1014
719,1083
719,1244
719,1270
719,1342
719,1407
719,1546
719,1553
719,1651
719,1720
719,1765
719,2121
719,2138
719,2276
719,2278
719,2284
719,2442
719,2530
719,2572
719,2685
719,3136
719,3185
719,3773
719,3850
720,1193
720,1374
720,3496
720,3574
720,3956
721,1047
721,1144
721,1913
721,2278
721,2402
721,3077
722,808
722,828
722,937
723,1283
724,1183
724,1262
724,2357
725,1046
726,1560
726,2601
726,3120
726,3192
727,957
727,995
727,1348
727,1643
727,1830
727,2240
727,2346
727,2451
727,2626
727,3408
727,3424
728,2641
729,803
729,1014
729,1099
729,1149
729,1362
729,1623
729,1688
729,2321
729,2442
729,2554
729,2565
729,3663
729,3887
730,1661
731,1099
731,1295
731,2492
731,3015
731,3641
731,3763
731,3959
732,736
732,1711
732,1720
732,1973
732,2156
732,2989
732,3703
733,1980
733,3793
734,901
734,3144
735,1607
735,1659
736,2571
736,2736
736,3331
736,3594
737,863
737,1099
737,1342
737,1546
737,2847
737,2889
737,3277
738,1759
738,1819
739,901
739,1027
739,2350
741,1111
741,1153
741,2567
742,832
742,889
742,902
742,912
742,980
742,1070
742,1293
742,1300
742,1462
742,1860
742,2223
742,2245
742,2491
742,2534
742,2554
742,3201
742,3258
742,3277
742,3964
742,3979
743,1554
744,795
744,796
744,816
744,844
744,861
744,912
744,914
744,940
744,1042
744,1070
744,1097
744,1100
744,1110
744,1131
744,1147
744,1203
744,1204
744,1225
744,1232
744,1237
744,1243
744,1268
744,1300
744,1355
744,1384
744,1415
744,1426
744,1503
744,1520
744,1645
744,1669
744,1702
744,1829
744,1882
744,1920
744,1943
744,1987
744,2049
744,2089
744,2171
744,2179
744,2193
744,2261
744,2267
744,2321
744,2386
744,2400
744,2539
744,2604
744,2615
744,2702
744,2758
744,2953
744,2963
744,2979
744,3182
744,3277
744,3438
744,3702
744,3711
744,3915
745,857
745,1189
746,796
746,811
746,1071
746,1193
746,1210
746,1280
746,1469
746,1503
746,2190
746,2382
746,2615
746,2634
746,3137
748,1046
749,925
749,1953
749,3269
749,3425
749,3778
750,978
750,2257
751,3799
752,767
752,938
752,1120
752,1701
752,2154
753,1031
753,1603
755,934
755,1688
755,2787
756,854
756,1280
756,2755
757,1046
757,2059
759,1031
759,1634
759,2028
759,2200
759,2613
759,2627
759,3246
760,803
760,940
760,1136
760,1342
760,2541
760,2998
760,3612
760,3929
761,1624
761,2259
763,1720
763,2639
764,901
764,999
764,2159
765,2160
766,792
768,864
768,901
768,971
768,1185
768,1342
768,1963
768,2000
768,2182
768,2192
769,848
769,1277
769,1560
769,2441
769,2442
769,2554
769,2968
769,3251
769,3542
770,2973
771,1242
771,3612
772,2379
774,3636
775,1327
776,1095
776,1426
776,1623
776,2644
777,1258
778,2535
778,2554
778,3408
781,2996
782,1099
783,926
783,2880
783,2898
783,3120
783,3220
784,968
785,1629
786,924
787,2946
788,806
788,1287
789,1001
790,1124
790,2500
791,794
791,1081
791,1883
792,863
792,2864
794,982
794,1337
794,1404
794,1431
794,1824
794,2105
794,2630
794,3667
795,1265
795,1342
795,2554
795,3594
796,845
796,863
796,1014
796,1193
796,1503
796,1515
796,1566
796,2615
796,3239
797,1763
798,901
798,999
799,1538
800,916
800,3850
801,2552
802,832
802,1378
802,1493
802,1755
802,1983
802,2049
802,2132
802,2197
802,2400
802,3073
802,3121
802,3217
803,1014
803,1046
803,1230
803,1319
803,1474
803,1509
803,1546
803,1623
803,1957
803,1963
803,2321
803,2391
803,2410
803,2804
803,2807
803,2998
803,3180
803,3475
803,3842
804,1276
804,1959
805,1498
805,1611
805,1702
806,1523
806,2342
807,2895
808,818
808,1380
808,1449
808,1505
808,2493
809,3754
810,2242
810,2331
810,3081
810,3586
810,3608
810,3962
811,851
811,1042
811,1082
811,1095
811,1167
811,1516
811,1577
811,1602
811,1937
811,2119
811,2214
811,2571
811,2613
811,2666
811,2679
811,3384
811,3497
811,3707
811,3921
812,3891
814,1491
814,1513
814,1983
815,863
816,887
816,1014
817,3594
818,1046
818,1178
818,1462
818,1616
818,1638
818,2493
818,2519
818,2998
818,3284
820,1824
820,2200
821,1031
821,1623
821,1842
821,1937
821,2117
821,2300
822,2480
823,1717
824,836
824,863
824,957
824,1099
824,1830
825,982
825,1694
826,916
826,952
826,1046
826,1083
826,1095
826,1342
826,1696
826,2121
826,2524
826,2554
826,2685
826,3773
826,3850
827,1544
827,2936
828,1035
828,1271
828,1406
828,2720
828,2877
828,2888
828,3055
828,3667
829,1046
830,3451
831,979
831,1306
831,1492
831,1531
831,2153
831,2194
831,2422
831,2438
831,2755
831,3101
831,3450
831,3951
832,887
832,916
832,1110
832,1150
832,1273
832,1398
832,1457
832,1623
832,1645
832,1680
832,2442
832,2491
832,2521
832,2554
832,2792
832,2861
832,2987
832,3164
832,3192
834,1447
834,1735
835,2045
835,2686
835,3368
836,1012
836,3252
836,3801
837,911
840,1595
841,2522
842,982
843,851
843,1312
844,863
844,1225
844,1451
844,2569
844,3888
845,928
845,1170
845,1210
845,1342
845,1503
845,1623
845,2183
845,2615
845,2907
845,2922
845,2923
845,3073
845,3277
846,1014
847,3594
848,851
848,1009
848,1062
848,1119
848,1131
848,1202
848,1326
848,1367
848,1426
848,1593
848,1663
848,1859
848,1998
848,2134
848,2775
848,2822
849,2838
849,3911
850,1430
850,1522
850,1765
850,3440
850,3519
851,882
851,916
851,971
851,1082
851,1349
851,1526
851,1602
851,1634
851,2000
851,2613
851,2658
851,2666
851,2696
851,3337
852,993
852,1893
852,1970
852,2078
852,2666
852,2762
853,2926
855,863
856,3820
858,2597
859,909
859,1532
860,1887
861,901
861,1014
861,1395
862,2484
862,3425
863,866
863,868
863,914
863,939
863,952
863,980
863,993
863,1003
863,1039
863,1062
863,1070
863,1100
863,1110
863,1126
863,1138
863,1143
863,1147
863,1170
863,1178
863,1184
863,1193
863,1197
863,1204
863,1210
863,1226
863,1232
863,1242
863,1243
863,1268
863,1281
863,1288
863,1300
863,1321
863,1418
863,1426
863,1428
863,1446
863,1466
863,1468
863,1493
863,1515
863,1520
863,1531
863,1534
863,1544
863,1590
863,1593
863,1633
863,1645
863,1659
863,1663
863,1672
863,1702
863,1709
863,1755
863,1766
863,1790
863,1847
863,1849
863,1867
863,1886
863,1906
863,2038
863,2065
863,2067
863,2080
863,2099
863,2166
863,2179
863,2199
863,2206
863,2208
863,2228
863,2247
863,2258
863,2357
863,2358
863,2365
863,2396
863,2418
863,2491
863,2493
863,2514
863,2542
863,2608
863,2610
863,2615
863,2645
863,2685
863,2718
863,2723
863,2733
863,2763
863,2861
863,2886
863,2961
863,2965
863,2968
863,2987
863,3007
863,3023
863,3065
863,3073
863,3100
863,3119
863,3121
863,3132
863,3173
863,3176
863,3199
863,3201
863,3217
863,3277
863,3284
863,3318
863,3337
863,3341
863,3354
863,3390
863,3424
863,3438
863,3450
863,3514
863,3516
863,3521
863,3566
863,3572
863,3600
863,3604
863,3605
863,3607
863,3628
863,3633
863,3642
863,3675
863,3684
863,3692
863,3737
863,3784
863,3842
863,3887
863,3915
863,3983
863,3994
863,4014
865,1283
865,1293
865,2606
865,2979
868,2755
868,3035
868,3284
868,3585
869,1227
869,3145
869,3477
869,3750
870,1145
870,1573
870,2075
870,3208
871,2206
872,3803
873,894
875,2102
876,1039
877,1554
878,3702
879,1014
879,1236
879,1809
880,1348
881,1823
882,1342
882,1396
882,1602
882,1732
882,2069
883,3063
883,3410
884,982
884,1046
884,1099
884,1375
884,1462
884,1746
884,1916
884,2192
884,3354
884,3453
884,3699
885,2258
886,2062
887,1121
887,1189
887,1267
887,1415
887,1546
887,2258
889,1731
890,1093
891,1471
891,1778
893,3090
894,988
894,1480
894,1946
894,2728
894,3032
895,2742
897,1767
897,2407
898,2249
899,901
899,951
899,967
899,2210
899,3208
900,1360
900,1718
901,916
901,1038
901,1232
901,1265
901,1274
901,1391
901,1573
901,1742
901,2442
901,2451
901,2685
901,3866
901,3878
902,1193
902,1260
902,1293
902,1503
902,1860
903,996
903,1470
903,1894
903,2150
903,3416
904,3397
904,3846
905,1014
905,2646
906,1921
907,2678
907,2748
907,3180
909,3594
910,3841
912,1273
912,1345
912,1623
912,1638
912,1717
912,2442
912,2672
912,2755
912,3277
912,3585
913,1096
913,1185
913,1273
913,1418
913,1545
913,1560
913,1766
913,2203
913,2437
913,2755
913,2763
913,3554
913,3794
914,1912
914,3953
915,2622
915,3912
916,952
916,986
916,1007
916,1046
916,1062
916,1083
916,1099
916,1244
916,1273
916,1407
916,1544
916,1623
916,1998
916,2067
916,2121
916,2442
916,2685
916,2807
916,2923
916,3021
916,3136
916,3151
916,3185
916,3192
916,3612
916,3773
916,3821
916,3850
916,3869
916,3915
916,3964
917,1043
918,1169
919,1239
919,2290
920,1013
920,1273
920,1676
920,1680
920,2392
920,2861
921,3001
922,2030
923,2127
924,958
924,1254
924,3367
924,3531
924,3916
925,1125
925,3243
926,2028
926,2898
927,2286
927,3467
929,3209
930,1717
931,1789
931,1883
931,1903
931,1944
931,2013
931,2550
931,2925
931,3667
933,1989
934,1150
934,1322
934,1688
934,1727
934,3213
935,2059
935,2400
935,2950
936,1582
936,2897
937,972
937,1052
937,1274
937,1371
937,1382
937,2650
939,1014
940,1059
940,1189
940,1342
940,1680
940,3277
941,1046
941,1155
941,1181
941,1746
941,2264
941,2493
941,2617
941,3531
941,3548
942,2584
942,2713
943,3987
944,1568
944,2574
944,2581
944,2984
944,3387
945,960
945,1332
945,1544
945,1687
945,1919
945,2004
945,2019
945,2139
945,2272
945,2807
945,3751
945,3760
947,1575
948,2137
949,3558
950,1725
952,2992
953,2156
953,2571
953,2598
953,2666
953,2679
953,2989
954,1525
954,2015
955,2488
956,2227
956,3428
957,1016
957,1132
957,1348
957,1428
957,1643
957,1796
957,1830
957,2185
957,2240
957,2346
957,2634
957,2899
957,3192
957,3408
957,3500
959,2458
959,3727
960,1687
960,1812
961,1048
961,1218
961,1585
961,1933
961,2945
961,3065
961,3954
962,2262
963,1189
964,1628
965,2023
966,1797
967,1139
967,2210
967,3208
967,3215
968,970
968,1365
968,2880
969,1396
969,2652
970,1255
970,1670
970,1956
970,3163
971,1082
971,1383
971,1451
971,1765
971,1975
971,3121
972,1274
973,1676
975,1099
975,1165
975,1734
975,2258
975,3252
977,3482
979,3184
980,1168
980,1177
980,2271
980,3114
981,1134
981,1205
981,1375
981,2936
982,998
982,1017
982,1206
982,1266
982,1280
982,1375
982,1406
982,1462
982,1617
982,1734
982,1746
982,1798
982,1951
982,2016
982,2041
982,2089
982,2828
982,2880
982,2992
982,3050
982,3066
982,3120
982,3222
982,3354
982,3453
982,3531
982,3538
982,3667
982,3917
983,994
983,2627
984,1280
985,1602
986,1398
986,1675
987,1050
987,1310
987,2554
988,2319
988,2728
989,2504
989,2844
989,2845
989,3987
990,2922
991,1342
992,1913
993,1538
993,2986
995,1765
996,1344
996,1813
997,1099
998,1248
998,1798
998,1896
998,2329
999,1095
1000,1297
1001,2000
1002,1430
1002,1826
1003,1243
1003,1546
1003,2041
1003,2104
1003,3241
1003,3538
1004,3412
1004,3640
1005,1028
1006,2922
1008,2936
1008,3133
1009,2441
1010,2003
1011,1046
1011,1169
1011,2658
1013,1139
1013,1430
1013,1729
1013,2101
1013,2519
1013,2598
1013,2861
1013,3182
1014,1059
1014,1067
1014,1129
1014,1150
1014,1154
1014,1210
1014,1239
1014,1253
1014,1262
1014,1268
1014,1297
1014,1312
1014,1369
1014,1410
1014,1446
1014,1464
1014,1478
1014,1544
1014,1595
1014,1636
1014,1649
1014,1696
1014,1717
1014,1722
1014,1726
1014,1750
1014,1841
1014,1859
1014,1983
1014,2166
1014,2201
1014,2389
1014,2390
1014,2447
1014,2458
1014,2564
1014,2696
1014,2762
1014,3153
1014,3187
1014,3317
1014,3424
1014,3437
1014,3461
1014,3585
1014,3598
1014,3607
1014,3715
1014,3720
1015,1342
1015,1717
1015,2357
1015,2442
1015,2613
1015,3151
1015,3289
1015,3329
1015,3594
1017,1099
1017,1751
1018,3762
1019,1458
1020,2989
1020,2996
1020,3643
1022,1245
1022,2958
1024,2009
1025,1083
1025,1804
1025,2755
1025,3151
1025,3192
1027,1177
1027,1341
1027,1576
1027,1728
1027,2350
1027,2565
1028,1505
1028,1602
1029,1067
1029,1654
1030,1376
1031,1071
1031,1259
1031,1475
1031,1808
1031,2320
1031,2641
1031,2650
1031,2678
1031,2685
1031,2704
1031,3219
1031,3392
1032,1855
1032,2698
1033,1605
1033,1794
1033,3073
1034,1252
1036,1271
1039,1595
1039,1717
1040,1126
1040,2638
1040,2703
1040,2903
1041,1640
1042,1082
1042,1369
1042,1602
1042,1920
1042,1937
1042,1997
1042,2300
1042,2571
1042,2880
1042,3392
1042,3614
1043,1203
1043,1345
1043,1815
1043,3092
1043,3243
1043,3930
1044,2661
1045,1216
1046,1155
1046,1259
1046,1325
1046,1342
1046,1364
1046,1368
1046,1375
1046,1462
1046,1617
1046,1675
1046,1732
1046,1746
1046,1753
1046,1916
1046,1926
1046,1951
1046,1963
1046,1966
1046,1978
1046,1984
1046,2045
1046,2059
1046,2089
1046,2192
1046,2209
1046,2258
1046,2378
1046,2397
1046,2442
1046,2519
1046,2571
1046,2608
1046,2679
1046,2685
1046,2807
1046,2828
1046,2886
1046,2962
1046,3066
1046,3192
1046,3354
1046,3424
1046,3453
1046,3511
1046,3531
1046,3548
1046,3628
1046,3632
1046,3764
1046,3773
1047,2644
1047,3014
1049,2418
1050,1204
1050,1578
1050,1700
1050,2067
1050,3121
1051,2143
1052,1061
1052,1382
1054,3339
1054,3653
1056,1278
1058,1076
1058,2579
1058,2712
1059,1097
1059,1635
1059,1736
1059,1809
1059,2208
1059,2575
1059,2934
1059,3089
1059,3949
1059,3983
1059,4002
1060,2346
1061,1382
1061,1505
1062,1131
1062,1432
1062,1998
1062,2134
1062,2155
1062,2274
1062,2775
1062,2859
1063,1597
1064,3390
1065,3106
1065,3379
1066,1865
1066,3558
1067,1099
1067,1117
1067,1293
1067,1346
1067,1654
1067,2153
1067,2245
1067,2442
1067,2450
1067,2899
1067,3107
1067,3317
1067,3500
1068,1916
1069,2842
1070,2610
1070,3192
1070,3702
1071,1938
1071,3001
1071,3026
1071,3107
1072,1344
1072,1571
1072,1724
1072,1888
1072,1894
1072,2010
1072,2348
1072,2366
1072,2896
1072,2969
1072,3058
1072,3726
1072,3964
1073,1613
1075,1566
1075,3014
1076,1758
1076,2579
1078,2775
1079,1088
1079,1345
1079,1652
1079,2624
1080,1860
1081,3559
1082,1920
1082,1937
1082,2248
1082,2571
1082,2644
1082,3384
1082,3682
1083,1553
1083,2075
1083,2225
1083,2316
1083,2685
1083,3107
1083,3185
1083,3850
1084,2715
1084,3547
1084,3880
1084,3963
1085,1853
1087,4005
1088,1272
1088,1345
1089,1629
1090,3735
1091,1513
1092,3598
1093,1969
1093,2229
1093,2513
1093,3164
1093,3305
1093,3722
1094,1324
1094,1617
1094,1751
1094,3236
1094,3406
1096,1185
1096,1825
1096,3871
1097,1531
1097,2554
1097,3192
1098,2586
1099,1319
1099,1342
1099,1375
1099,1384
1099,1493
1099,1698
1099,1700
1099,2192
1099,2400
1099,2847
1099,3217
1099,3511
1100,1961
1100,3262
1100,3324
1100,3487
1101,2524
1102,3413
1103,3750
1104,3710
1105,1731
1106,1291
1106,2798
1106,3452
1107,1425
1107,3142
1108,1604
1108,1824
1108,1846
1110,3182
1110,3192
1112,2828
1112,3764
1114,1690
1114,2234
1114,2820
1115,2423
1116,3100
1118,1824
1119,1689
1119,1709
1120,1443
1120,1491
1120,2565
1120,2657
1120,2993
1120,3114
1121,2554
1125,3543
1125,3778
1126,2419
1126,2447
1129,3595
1130,3489
1131,1222
1131,1326
1131,1404
1131,1457
1131,1817
1131,1874
1131,1998
1131,2109
1131,2274
1131,2464
1131,2738
1131,2775
1131,2859
1131,3187
1131,3680
1132,2842
1133,1872
1133,2819
1133,3085
1133,3114
1133,3670
1134,2609
1136,2998
1138,1455
1138,3806
1139,1676
1139,1720
1139,1926
1139,2156
1139,2209
1139,2276
1139,2347
1139,2401
1139,2403
1139,2442
1139,2861
1139,3195
1139,3523
1139,3652
1139,3703
1139,3708
1139,3780
1140,1374
1140,1502
1140,3229
1140,3716
1141,2762
1143,1232
1143,1273
1143,2100
1143,2358
1143,2442
1143,2755
1143,3334
1143,3516
1143,3679
1145,1573
1146,3594
1147,3330
1147,3491
1148,3277
1150,1377
1150,1649
1150,1926
1150,3189
1150,3277
1152,1822
1153,2677
1154,1273
1154,1418
1154,1750
1154,1847
1154,2442
1154,2755
1154,3153
1154,3337
1154,3516
1154,3715
1155,1675
1155,1966
1155,2209
1155,3453
1155,3548
1156,1622
1157,3003
1157,3105
1158,1428
1159,1828
1159,3261
1159,3807
1160,1446
1160,2665
1160,3931
1161,1394
1161,1421
1161,2502
1161,2794
1162,2564
1163,3243
1163,3857
1164,2380
1165,1371
1165,1529
1165,2439
1165,3008
1165,3261
1165,3383
1166,1478
1166,2020
1166,2220
1167,2613
1167,2666
1168,1217
1168,1740
1168,2753
1169,1781
1169,1783
1170,1342
1170,1446
1170,1623
1170,2059
1170,2222
1170,2755
1171,3651
1172,2961
1173,1984
1174,2340
1174,3205
1174,3345
1174,3783
1174,3831
1175,3424
1177,1662
1177,1728
1177,2565
1177,2583
1177,3114
1178,1515
1178,1891
1178,1916
1178,2076
1180,1259
1180,1349
1180,1402
1180,3359
1180,3670
1181,2083
1181,3131
1182,1436
1183,2041
1184,3097
1185,1449
1185,2203
1185,3439
1186,3460
1187,1564
1187,2068
1187,2511
1188,1568
1188,2581
1188,2958
1188,2984
1189,1225
1189,1239
1189,1300
1189,1765
1189,2151
1189,2329
1189,2519
1189,2800
1189,2935
1189,3299
1190,1511
1190,3594
1193,1446
1193,1503
1193,2442
1193,3118
1193,3192
1193,3388
1193,3884
1193,3956
1194,1675
1194,1859
1194,2321
1194,3842
1195,1375
1195,1521
1195,3511
1197,2250
1198,2525
1199,2860
1199,2970
1200,2647
1200,3183
1201,1227
1201,2439
1202,2554
1204,1719
1204,2003
1204,2067
1204,2961
1204,2988
1204,3007
1204,3073
1204,3337
1204,3342
1205,1249
1205,3252
1206,1653
1206,1734
1206,1798
1206,1827
1206,1896
1207,3038
1207,3107
1207,3937
1208,2105
1209,1725
1209,2069
1209,2283
1209,2458
1209,3568
1210,2634
1210,3239
1210,3498
1210,3670
1210,3715
1211,1315
1212,2539
1213,2261
1213,3587
1214,1370
1214,1681
1214,2081
1215,1482
1215,1559
1215,1601
1215,2206
1215,2287
1215,2543
1216,2763
1216,3850
1217,1271
1217,2085
1217,2400
1217,3445
1218,1646
1218,2216
1218,2763
1218,3905
1220,1592
1220,1961
1222,1326
1223,1841
1224,1376
1225,1268
1225,1591
1226,1323
1226,1481
1226,1947
1226,2081
1226,2890
1226,2982
1227,2611
1227,3145
1227,3477
1229,1720
1229,2376
1229,2967
1230,3180
1230,3396
1232,1990
1233,1409
1233,1848
1233,2226
1235,2403
1236,1384
1236,1619
1237,1789
1237,1846
1237,2442
1238,2035
1238,2169
1238,3335
1239,1846
1239,2189
1239,2554
1239,3116
1240,1478
1241,2878
1243,2192
1244,1717
1244,2093
1244,2775
1245,2345
1245,2761
1246,2141
1246,3357
1246,3996
1247,1420
1247,1604
1247,1990
1248,2578
1250,1475
1250,2320
1250,2493
1250,3107
1250,3231
1250,3637
1251,1472
1251,3592
1252,1462
1252,2089
1252,3579
1252,3811
1253,2923
1253,3337
1253,3667
1257,3841
1258,3098
1259,1349
1259,1544
1259,1957
1259,2139
1259,2306
1259,2685
1259,2807
1259,3286
1259,3510
1260,3342
1262,1649
1262,1926
1262,2162
1262,2485
1262,3864
1263,2830
1265,1600
1265,1742
1265,2261
1265,2798
1265,3130
1265,3353
1266,2073
1267,1530
1267,1831
1267,2172
1267,2779
1270,2108
1272,1345
1272,1387
1272,1667
1273,1293
1273,1297
1273,1306
1273,1374
1273,1415
1273,1565
1273,1632
1273,1702
1273,1815
1273,1940
1273,2049
1273,2311
1273,2343
1273,2479
1273,2493
1273,2718
1273,2723
1273,2770
1273,2793
1273,2980
1273,3073
1273,3100
1273,3131
1273,3475
1273,3518
1273,3600
1273,3702
1273,3915
1273,3977
1273,3997
1274,2988
1274,3992
1275,2571
1275,3559
1279,2351
1279,3625
1280,1469
1280,1503
1280,1505
1280,1671
1280,1706
1280,1732
1280,1771
1280,1797
1280,1941
1280,2059
1280,2190
1280,2206
1280,2261
1280,3279
1281,1957
1281,2146
1281,2807
1282,2788
1283,1408
1283,2442
1284,1719
1286,1380
1287,1975
1287,2462
1288,1846
1288,2631
1288,3192
1288,3850
1289,3417
1292,2391
1293,2442
1294,1457
1294,2818
1294,3102
1295,1727
1296,1704
1297,1975
1297,2535
1297,2807
1297,3408
1298,3534
1299,3594
1300,1751
1300,2329
1300,2935
1300,3299
1301,3122
1301,3247
1302,3014
1302,3337
1303,3245
1304,1376
1304,2490
1304,2540
1304,3188
1304,3331
1304,3594
1304,3985
1305,2146
1305,3277
1306,1988
1306,2755
1306,3003
1306,3151
1306,3192
1306,3900
1307,1824
1307,1933
1309,2795
1309,3639
1311,3729
1313,1594
1313,1752
1313,2025
1313,2695
1314,3476
1315,2125
1315,3091
1315,3594
1316,2878
1317,1717
1317,2297
1317,2546
1317,3226
1317,3791
1317,3946
1319,1362
1319,1378
1319,1541
1319,1717
1319,1753
1319,2807
1319,3475
1320,1765
1321,1928
1321,2983
1321,3063
1321,3489
1321,3966
1322,1727
1323,1905
1325,3248
1326,1885
1326,1998
1326,2109
1326,2464
1326,2775
1326,2934
1328,2807
1330,2793
1332,3709
1333,2631
1334,1958
1335,2337
1336,1446
1336,1621
1338,1736
1338,1740
1338,1753
1338,2208
1339,2734
1339,2976
1339,3481
1340,2452
1340,3987
1341,1491
1341,1545
1342,1362
1342,1446
1342,1469
1342,1541
1342,1651
1342,1732
1342,2164
1342,2807
1342,2847
1342,3210
1342,3597
1342,3850
1342,3994
1343,1680
1344,1571
1344,1813
1344,1873
1344,1894
1344,1938
1344,2388
1344,3726
1344,3763
1345,1927
1345,2624
1345,2714
1345,2797
1346,1654
1346,2245
1346,2899
1346,3611
1347,2059
1347,2643
1348,2702
1348,3408
1349,1383
1349,1719
1349,3286
1350,1382
1350,1528
1350,2187
1350,2288
1350,2384
1350,3601
1351,1674
1351,3255
1353,2725
1353,3667
1355,2082
1355,2442
1355,2472
1355,2741
1355,3277
1355,3678
1356,2209
1358,3994
1359,1548
1359,3069
1359,3592
1359,3635
1360,1442
1360,1626
1360,1803
1360,2163
1360,2167
1360,2282
1360,2491
1360,2537
1360,2729
1360,3098
1360,3902
1361,1494
1361,1577
1361,1940
1361,2101
1361,2322
1361,2659
1361,3180
1361,3195
1361,3208
1361,3662
1361,3874
1362,1378
1362,1410
1362,1493
1362,1755
1362,1809
1362,1968
1362,2139
1362,2197
1362,2400
1362,3083
1362,3180
1363,2794
1364,2045
1365,2825
1365,2880
1365,3107
1365,3957
1366,2182
1367,1406
1367,1824
1368,2718
1369,3333
1370,1681
1370,1982
1370,3644
1371,1617
1372,1577
1372,1977
1372,2156
1372,2571
1372,2739
1372,2961
1372,2988
1372,2989
1372,3331
1372,3992
1374,2583
1375,1462
1375,1649
1375,1746
1375,1765
1375,1966
1375,2089
1375,2530
1375,2785
1375,3511
1375,3579
1375,3953
1376,2627
1377,3337
1378,1410
1378,2400
1378,3083
1378,3120
1378,3192
1378,3329
1379,2594
1380,1522
1380,1614
1380,1787
1380,2042
1380,2459
1380,2585
1380,2903
1380,3315
1381,2175
1381,2700
1381,3855
1382,1419
1383,1441
1383,2278
1384,1412
1384,1672
1384,2442
1384,2807
1384,3065
1384,3192
1384,3563
1385,3014
1388,1894
1388,2200
1391,2876
1392,1746
1394,3108
1395,3424
1397,3009
1397,3912
1398,2532
1400,1939
1400,3349
1401,1767
1402,2317
1403,1529
1403,2989
1403,3813
1404,1407
1404,1519
1404,3390
1404,3667
1404,3850
1405,3666
1405,3683
1407,1513
1407,3850
1409,2226
1410,2714
1410,3284
1410,3713
1411,1830
1411,2608
1411,3683
1412,2181
1415,1990
1415,2442
1415,3679
1416,1642
1416,1775
1418,1990
1418,2755
1418,3585
1420,1487
1420,1604
1420,3042
1420,3120
1420,3415
1420,3922
1421,1550
1421,3108
1424,1536
1425,3142
1426,3192
1426,3277
1427,3429
1430,1457
1430,1488
1430,1765
1430,2804
1430,3192
1430,3884
1431,1599
1431,1848
1431,2992
1431,3667
1431,3730
1432,1998
1432,2738
1433,1730
1434,3385
1434,3594
1435,2491
1436,3407
1437,1595
1437,1632
1437,1894
1437,2346
1437,2963
1437,3692
1438,2893
1438,3747
1439,2522
1440,2444
1441,3594
1446,1780
1446,2447
1447,1735
1447,1807
1448,2979
1450,2522
1451,1623
1451,2180
1451,2959
1451,2988
1451,3121
1451,3246
1451,3258
1451,3514
1452,3145
1454,2859
1454,3503
1455,1526
1455,2762
1457,1797
1457,1808
1457,1846
1457,1957
1457,2337
1457,2493
1457,2552
1457,2610
1457,2758
1457,3702
1457,3994
1459,2209
1460,1541
1462,1746
1462,1891
1462,2089
1462,2519
1462,3367
1462,3890
1463,2334
1465,1469
1465,2771
1465,3676
1466,2000
1466,2827
1467,3992
1468,3014
1468,3905
1468,4018
1469,1503
1469,1732
1470,3185
1471,2053
1473,1572
1473,3267
1475,2147
1475,2518
1475,3238
1475,3512
1476,3197
1476,3449
1477,1544
1478,1621
1478,2357
1478,2925
1479,3438
1480,2728
1481,2443
1482,3062
1482,3212
1482,3756
1483,3886
1484,3003
1487,3415
1489,1961
1489,3073
1490,3155
1491,1513
1492,2438
1493,1500
1493,2400
1494,2705
1495,2868
1497,3596
1498,1702
1499,3278
1500,2209
1501,1639
1501,3025
1503,1645
1503,2190
1503,2382
1503,2615
1504,2376
1505,2139
1505,2278
1505,2778
1505,3050
1505,3464
1506,1604
1506,1673
1506,1990
1507,1938
1509,1753
1509,1861
1509,2050
1509,2183
1509,2192
1509,2265
1509,2397
1509,2807
1509,2922
1509,3117
1509,3277
1509,3475
1509,3510
1509,3771
1513,1567
1513,1666
1513,2064
1513,2481
1513,2713
1513,2722
1513,3354
1513,3390
1513,3758
1514,1921
1515,2442
1515,3192
1517,1745
1517,1870
1517,2195
1517,2544
1518,3246
1518,3862
1519,3667
1521,1838
1521,2023
1522,2237
1522,2557
1522,2694
1523,1650
1523,2342
1524,1765
1525,2118
1526,2564
1526,2613
1527,2208
1527,3828
1529,3827
1530,2481
1531,1663
1532,1619
1533,1778
1533,1990
1535,3333
1536,1878
1536,2233
1536,2483
1537,2937
1538,1544
1538,3810
1539,2098
1541,2961
1542,2370
1542,2633
1542,2784
1542,3011
1544,1957
1544,2004
1544,2139
1544,2146
1544,2733
1544,3179
1544,3384
1545,3717
1546,1696
1546,2442
1546,2608
1546,2663
1546,3038
1546,3136
1547,1857
1549,1921
1549,2479
1549,2856
1550,2794
1550,2957
1551,2011
1552,2059
1552,2373
1552,3850
1553,2225
1553,3850
1554,2547
1554,3569
1554,3808
1554,3830
1554,3855
1555,2211
1555,2755
1555,3594
1556,3151
1557,3145
1560,3684
1561,2175
1561,2547
1561,3855
1562,2417
1562,3991
1563,1720
1563,1816
1563,2276
1563,2403
1563,2571
1563,3703
1564,2543
1565,2126
1566,1785
1566,1859
1566,2183
1566,3508
1568,2343
1568,2440
1568,2573
1568,2581
1568,2585
1568,2740
1568,2761
1568,2860
1568,2916
1568,2929
1568,2930
1568,3030
1568,3123
1568,3358
1568,3515
1568,3749
1569,3025
1571,1894
1571,2388
1571,2744
1571,3151
1572,3264
1572,4007
1573,1672
1573,3208
1574,2111
1574,3274
1574,3376
1575,1987
1577,1644
1577,1727
1577,1940
1577,2736
1577,2760
1577,2947
1577,3265
1577,3602
1577,3662
1577,3707
1577,3874
1578,3801
1580,2132
1582,2261
1582,2600
1584,1895
1584,3810
1585,2688
1590,3034
1591,1623
1592,2566
1596,1623
1599,3505
1602,2029
1602,2300
1602,2450
1602,3018
1603,2320
1603,2678
1604,1673
1604,1990
1604,3042
1604,3120
1604,3415
1604,3922
1606,2274
1606,2390
1608,2414
1609,2066
1609,3685
1609,3902
1609,3972
1610,2998
1610,3338
1612,2091
1612,2783
1613,1699
1614,2021
1615,1676
1615,1845
1615,3201
1615,3359
1615,3469
1617,3008
1617,3169
1617,3236
1617,3610
1619,1983
1620,3798
1620,3923
1621,2491
1621,2875
1621,3619
1622,2372
1622,2468
1622,3507
1622,3540
1622,3745
1623,1688
1623,1809
1623,1899
1623,1957
1623,2055
1623,2139
1623,2183
1623,2261
1623,2321
1623,3153
1623,3842
1623,3887
1624,1864
1624,1876
1624,1899
1624,2115
1624,2596
1624,2655
1624,3252
1624,3927
1626,2163
1627,2773
1627,3969
1628,1825
1628,2095
1630,2983
1630,3005
1630,3494
1631,1654
1632,2755
1632,3192
1635,2208
1635,2530
1637,2139
1637,2407
1637,3904
1638,2438
1639,2019
1639,2052
1639,2349
1640,2261
1641,2755
1641,3003
1641,3424
1641,3469
1643,1751
1643,2185
1645,2018
1645,2206
1645,3309
1646,2045
1646,3653
1647,2874
1648,3801
1649,1926
1649,3162
1651,3346
1654,2899
1654,3611
1655,1764
1655,1782
1655,2799
1657,2522
1658,2004
1659,1807
1661,2455
1661,3232
1661,3782
1662,2303
1662,3354
1663,2206
1663,2908
1663,3151
1663,3192
1665,1746
1665,2828
1665,3066
1666,1921
1666,1951
1666,2722
1668,1934
1668,2287
1668,3564
1670,1737
1672,1847
1672,2261
1672,2807
1672,3192
1672,3333
1673,3042
1674,2255
1674,3535
1675,1957
1675,2300
1675,2321
1675,2442
1675,2519
1675,3453
1675,3594
1676,1680
1676,1717
1676,1892
1676,1940
1676,2094
1676,2392
1676,2692
1676,2861
1676,3053
1676,3792
1677,2771
1677,3667
1679,2733
1680,2044
1680,2119
1680,2442
1680,2571
1680,2716
1680,2828
1680,3182
1680,3192
1680,3612
1680,3702
1681,1911
1682,3561
1683,1718
1683,1799
1683,2221
1683,2379
1683,2593
1683,2756
1683,2805
1683,3149
1683,3590
1685,3612
1686,3800
1687,1812
1687,1919
1688,2321
1689,2093
1690,3341
1691,2228
1692,3209
1693,2177
1693,2419
1695,3313
1696,1925
1696,2201
1696,2326
1696,2558
1696,2685
1696,2793
1698,3594
1699,1765
1701,2254
1701,3799
1701,4016
1702,2442
1702,2755
1702,3192
1702,3901
1702,4014
1703,2062
1705,1741
1705,2273
1705,2427
1705,2641
1705,2712
1705,3149
1705,3158
1705,3476
1705,3695
1705,3829
1705,3926
1706,1941
1707,3650
1708,3697
1710,2277
1710,2875
1710,3654
1711,1776
1711,2156
1711,2188
1711,2269
1711,2403
1711,2489
1711,2572
1711,2619
1712,2023
1713,1850
1713,2807
1713,3597
1714,1990
1714,2059
1714,3842
1715,3611
1717,1757
1717,1859
1717,1872
1717,1994
1717,2228
1717,2261
1717,2403
1717,2623
1717,2656
1717,2861
1717,2905
1717,2953
1717,2964
1717,3028
1717,3052
1717,3131
1717,3277
1717,3284
1717,3424
1717,3514
1717,3516
1717,3551
1717,3623
1717,3718
1717,3791
1718,2221
1718,2379
1718,2593
1718,2756
1718,3149
1718,3543
1718,3778
1719,1895
1719,2278
1719,2924
1719,3327
1720,1816
1720,2156
1720,2276
1720,2352
1720,2401
1720,2403
1720,2571
1720,2872
1720,2956
1720,3703
1721,2344
1722,3594
1724,1894
1724,2416
1724,2442
1724,2555
1724,2751
1724,2755
1724,2969
1725,2769
1725,3483
1726,2248
1728,2565
1728,2583
1729,2499
1730,1823
1730,2336
1730,4006
1731,2757
1732,1964
1732,1966
1732,2519
1733,1822
1733,2004
1734,3445
1735,1807
1736,2208
1738,2699
1740,2442
1740,2866
1740,2885
1740,2998
1740,3508
1740,3678
1741,1822
1741,1885
1741,3100
1741,3476
1741,3926
1742,2261
1743,3490
1743,3995
1744,1945
1744,2693
1744,3128
1746,1916
1746,1951
1746,1966
1746,2209
1746,2828
1746,3066
1746,3192
1746,3354
1746,3367
1746,3453
1746,3472
1746,3511
1746,3548
1746,3579
1746,3628
1746,3632
1746,3702
1746,3764
1748,2045
1749,3007
1751,1790
1751,1901
1751,2148
1751,2935
1751,3036
1751,3758
1753,2124
1753,2576
1753,2807
1753,3234
1753,3767
1754,2149
1758,2228
1758,2360
1758,2579
1760,2585
1760,2681
1760,3650
1761,3616
1763,2357
1764,1782
1765,1797
1765,1858
1765,1906
1765,2170
1765,2337
1765,2519
1765,3245
1765,3386
1765,3702
1766,1871
1766,3424
1769,1921
1770,2031
1772,3107
1773,1802
1773,2307
1773,3495
1776,2403
1777,1882
1778,1990
1778,3042
1778,3230
1779,2252
1783,3000
1783,3388
1786,3954
1790,1901
1790,3192
1791,3192
1793,2097
1793,3050
1793,3912
1794,3887
1798,1896
1798,2776
1798,3702
1799,2756
1800,3781
1805,2045
1805,3594
1807,3719
1808,3872
1808,3907
1811,1937
1811,2134
1813,2439
1814,3229
1815,1957
1815,2190
1815,2323
1815,2527
1815,3192
1815,3922
1816,2156
1817,2775
1818,1978
1821,3716
1822,2141
1822,3141
1822,3992
1825,2095
1825,3871
1826,2107
1827,3472
1828,1847
1829,2791
1829,3446
1829,4005
1830,2049
1830,2346
1830,2608
1830,2626
1830,2702
1830,3408
1830,3424
1831,2172
1832,2023
1832,3252
1833,2249
1833,2481
1834,2817
1835,2351
1836,3100
1837,1971
1837,2571
1837,2619
1837,2956
1839,2382
1841,1850
1841,1932
1841,3164
1841,3288
1843,1899
1843,1951
1844,2455
1845,2352
1846,1847
1846,2755
1846,3541
1847,2235
1847,2274
1847,2312
1847,2442
1847,2602
1847,2755
1847,3100
1847,3736
1847,3962
1851,1903
1853,2278
1853,2598
1853,3007
1853,3009
1853,3084
1855,3159
1856,3889
1857,3078
1857,3545
1857,3594
1861,2391
1864,1876
1864,2261
1864,3800
1866,2755
1866,3101
1866,3413
1866,4000
1868,2406
1869,2107
1870,2887
1871,2835
1872,3594
1875,1961
1878,3534
1883,1903
1883,2983
1883,3489
1883,3980
1884,2032
1884,3557
1885,1993
1885,2404
1885,2871
1885,2876
1886,1983
1886,2193
1886,3164
1886,3411
1887,2842
1888,2010
1888,2523
1889,2206
1889,3301
1892,1968
1892,2276
1892,3088
1892,3714
1892,3992
1893,1970
1893,3317
1894,2877
1894,2969
1894,3738
1895,3569
1895,3810
1897,1990
1897,3151
1898,3511
1899,2749
1899,3006
1900,3381
1900,3701
1900,3817
1902,2633
1903,2169
1903,2491
1903,2599
1906,3192
1907,2961
1907,3041
1907,3164
1907,3514
1908,2983
1910,2157
1913,2364
1916,1963
1916,2089
1916,2519
1916,3354
1918,1926
1919,3234
1920,3120
1920,3177
1920,3648
1921,2205
1921,2209
1922,3750
1923,2276
1923,2843
1923,3645
1924,2357
1924,3476
1925,2948
1928,2798
1929,2071
1932,3244
1932,3850
1934,3691
1935,2393
1936,2056
1936,3326
1937,2117
1937,3157
1937,3246
1939,2651
1939,3349
1942,2520
1945,2409
1947,2828
1948,2346
1948,2755
1948,3567
1950,2976
1951,2430
1951,2655
1951,2722
1951,2828
1951,3354
1952,2234
1952,3846
1953,2200
1953,2849
1953,3297
1954,3748
1957,2146
1957,2246
1957,2397
1957,2807
1957,2832
1957,2836
1957,3002
1957,3424
1958,2723
1960,2326
1961,2914
1961,3044
1962,2748
1963,2000
1963,2431
1963,2562
1966,2209
1966,2678
1967,2192
1967,2430
1967,2856
1967,3552
1967,3899
1967,3915
1968,1977
1968,2455
1968,2632
1969,2659
1969,3707
1970,3317
1970,3337
1971,3850
1973,2156
1973,3703
1973,3802
1974,2010
1975,2196
1975,2478
1975,3686
1977,3992
1979,4019
1980,3056
1980,3061
1980,3324
1980,3793
1981,3370
1981,3585
1983,2174
1983,2374
1983,2381
1983,2442
1983,2469
1983,2539
1983,3413
1983,3686
1984,2041
1984,2570
1984,2779
1984,3527
1987,3192
1989,2049
1989,2338
1990,2022
1990,2261
1990,2461
1990,2548
1990,2559
1990,2669
1990,2766
1990,2768
1990,2863
1990,2894
1990,3042
1990,3111
1990,3120
1990,3175
1990,3217
1990,3230
1990,3415
1990,3603
1990,3646
1990,3922
1990,3942
1990,4020
1990,4022
1991,2608
1991,3073
1992,3078
1992,3952
1994,2799
1995,3476
1996,2062
1997,2335
1997,3533
1998,2006
1998,2134
1998,2274
1998,2293
1998,2738
1998,2775
1998,2859
1998,3100
1998,3938
1999,2191
2000,3882
2001,2387
2001,3327
2002,2206
2003,2883
2004,2272
2005,2628
2005,3277
2005,3589
2008,2147
2010,2523
2010,4008
2011,2059
2012,3916
2013,2528
2013,3392
2016,3222
2017,2026
2017,2259
2017,2362
2017,2367
2018,2754
2018,2853
2018,3176
2018,3291
2018,3815
2019,3025
2020,2324
2021,2029
2023,2258
2023,2482
2023,2545
2023,2998
2023,3252
2024,3199
2025,3891
2026,2960
2027,3054
2028,3992
2031,3018
2031,3038
2031,3575
2034,2303
2034,3234
2035,3868
2036,2861
2037,2261
2039,2568
2039,2940
2040,3375
2041,3222
2043,2551
2045,2321
2045,2829
2045,2952
2046,3533
2049,2132
2049,2479
2049,2608
2049,3073
2049,3192
2049,3655
2049,3679
2051,2983
2053,2875
2054,3262
2057,3019
2059,2289
2059,2326
2059,2493
2059,2565
2059,2615
2059,2758
2059,2790
2059,2988
2059,3119
2059,3268
2059,3768
2059,3903
2059,3922
2059,3924
2060,3953
2061,3679
2062,2491
2062,2992
2063,2563
2063,3326
2064,2541
2065,3359
2067,2959
2067,2961
2067,2988
2067,3073
2067,3164
2067,3337
2067,3918
2070,3850
2071,2285
2071,2900
2072,3103
2072,4009
2073,2353
2074,2201
2076,3383
2077,2398
2077,2813
2077,3073
2079,3192
2080,3867
2083,3548
2084,2200
2087,2825
2088,3594
2088,3616
2089,3453
2089,3511
2089,3531
2089,3579
2091,2330
2091,3955
2093,2281
2093,2804
2093,3014
2093,3200
2093,3780
2097,2493
2099,2208
2105,3850
2106,3588
2107,2774
2109,2274
2110,2480
2110,2592
2110,3351
2110,3754
2110,3793
2114,2158
2114,3679
2115,2268
2115,2596
2115,2655
2115,3480
2116,3186
2120,2901
2122,3184
2123,2697
2123,3990
2125,2623
2125,2717
2126,3049
2127,3501
2128,2339
2130,3583
2131,2187
2131,2399
2131,3332
2132,2246
2132,2526
2132,2608
2132,2813
2132,3637
2133,2763
2133,2875
2134,3300
2135,2190
2136,3540
2137,3280
2138,3364
2138,3641
2138,3850
2139,2407
2139,2807
2139,3041
2139,3594
2139,3597
2140,3621
2141,2379
2141,2668
2141,2712
2141,2756
2141,3016
2141,3100
2141,3149
2141,3223
2141,3659
2141,3829
2144,2462
2145,3308
2146,2807
2148,2173
2149,3192
2152,3938
2154,2306
2156,3703
2157,2161
2157,2183
2157,3549
2158,3192
2161,2183
2161,3549
2161,3594
2161,3723
2162,3018
2162,3174
2163,3953
2164,2524
2165,2303
2168,3639
2169,2550
2170,3555
2172,3004
2172,3453
2175,2547
2175,3855
2176,2430
2176,3323
2177,2821
2177,3677
2178,2855
2179,3912
2180,2454
2180,3164
2182,3893
2183,2397
2183,2554
2183,2589
2183,3510
2183,3549
2183,3723
2183,3836
2186,3667
2187,3383
2188,2572
2188,2619
2190,2379
2190,2382
2190,2615
2190,3806
2191,2847
2192,2408
2192,2430
2192,3192
2192,3552
2192,3638
2192,3820
2193,2758
2194,2438
2195,2443
2198,2763
2199,2755
2200,3058
2200,3445
2201,3715
2202,2503
2206,3181
2206,3438
2207,3633
2208,2610
2208,2642
2208,3570
2208,3679
2208,3949
2209,2352
2209,2519
2209,2690
2209,2988
2209,3548
2209,3579
2209,3612
2212,3145
2214,2666
2216,2305
2216,2763
2216,3769
2216,3825
2219,2996
2219,3009
2221,2273
2221,2379
2221,2593
2221,2756
2221,2805
2221,3583
2223,3750
2223,3851
2224,2998
2225,3850
2226,3435
2227,2506
2227,3428
2229,3180
2230,2455
2231,2663
2234,3590
2234,3629
2234,3846
2236,3585
2236,3861
2238,3699
2239,3938
2240,3408
2244,3303
2245,2899
2245,3398
2245,3500
2245,3611
2246,2398
2246,2608
2246,2749
2246,2813
2246,3073
2246,3423
2246,3637
2246,3639
2246,3974
2247,2494
2248,3180
2251,2287
2252,2308
2252,3001
2252,3152
2253,3256
2254,2475
2254,3799
2257,2306
2257,2955
2257,3594
2257,3984
2258,2545
2259,2305
2260,3594
2261,2442
2261,2539
2261,2758
2261,3053
2261,3118
2261,3192
2261,3453
2261,3674
2261,3702
2261,3706
2262,2550
2263,2382
2263,2550
2264,2617
2264,3854
2265,2765
2265,3462
2266,2990
2270,3120
2270,3991
2271,3395
2273,4014
2274,3297
2275,3594
2276,2352
2276,2401
2276,2415
2276,2554
2276,2572
2276,2619
2276,3136
2276,3160
2276,3703
2278,3721
2278,3895
2278,3912
2279,3594
2280,2443
2281,3192
2283,3568
2285,2865
2285,3168
2287,2288
2287,3665
2291,3585
2292,3594
2294,2788
2294,2801
2294,3202
2295,2515
2295,3117
2295,3456
2295,3770
2298,3594
2298,3790
2299,3783
2301,2890
2302,2709
2303,3294
2304,2899
2305,3359
2305,3966
2306,2700
2306,2723
2307,2675
2307,2906
2307,3227
2308,3001
2308,3152
2309,2763
2310,2317
2310,3147
2312,2442
2313,2587
2313,3100
2314,2327
2315,2940
2315,3694
2317,2985
2318,3790
2319,2516
2319,2841
2320,2723
2321,2442
2322,3596
2325,3589
2325,3691
2325,3973
2326,2663
2326,2780
2326,3693
2327,3594
2328,2711
2328,3172
2329,2935
2329,3675
2330,3955
2332,3152
2333,3416
2333,3746
2335,2363
2335,3665
2336,2830
2337,3850
2337,3907
2338,2812
2339,3238
2341,3594
2343,2385
2343,2442
2344,3594
2345,2703
2345,2846
2346,2807
2348,3797
2350,2565
2350,2708
2352,2403
2352,3653
2352,3843
2353,3285
2353,3399
2354,3019
2355,3888
2356,3992
2357,3634
2358,3164
2358,3684
2361,2446
2361,2703
2361,3932
2362,2508
2362,3618
2365,2793
2365,3971
2366,2588
2366,3328
2366,3738
2367,2578
2368,3714
2369,2700
2375,2391
2375,3117
2375,3522
2376,2648
2376,2967
2376,3263
2376,3290
2377,2596
2377,2837
2378,3453
2379,2593
2379,2756
2379,3149
2379,3476
2382,2395
2383,3701
2383,3971
2385,2755
2390,3382
2391,3458
2392,2861
2393,2433
2393,2467
2394,3596
2396,2755
2396,3114
2396,3192
2397,2966
2397,3597
2400,3217
2400,3329
2401,2403
2401,2572
2401,2619
2401,2956
2401,3064
2401,3703
2403,2554
2403,2956
2403,3050
2403,3548
2403,3703
2403,3714
2405,3143
2405,3755
2407,3594
2412,2968
2412,3637
2413,3981
2413,3991
2415,2619
2418,2726
2418,3890
2419,2557
2419,2592
2419,2653
2419,2928
2419,2933
2419,3324
2420,3617
2421,2577
2421,3594
2421,3723
2421,3852
2422,2538
2422,3559
2422,3781
2423,3114
2423,3946
2424,3401
2425,2880
2426,3079
2427,2664
2428,2508
2428,2553
2428,2620
2428,3203
2430,3323
2430,3552
2430,4023
2434,3225
2435,2523
2436,2486
2438,2442
2439,2590
2440,3417
2440,3766
2441,2610
2441,2745
2442,2723
2442,2733
2442,2822
2442,2958
2442,2968
2442,3003
2442,3221
2442,3359
2442,3424
2442,3516
2442,3585
2442,3723
2443,3565
2445,3383
2446,2901
2448,2465
2448,3223
2449,2479
2452,2504
2452,3987
2453,3366
2455,2905
2456,3360
2457,2578
2458,2495
2460,3688
2463,2703
2463,2803
2463,3027
2463,3043
2463,3303
2464,2934
2466,2498
2470,2517
2470,2641
2472,2741
2473,3014
2473,3658
2474,2922
2475,3799
2476,3655
2477,2487
2478,3161
2478,3594
2479,2608
2479,2856
2479,3072
2479,3594
2481,3192
2485,2921
2485,3775
2487,2768
2491,2753
2491,2755
2491,2763
2491,2771
2491,2983
2491,2986
2491,3192
2491,3342
2491,3359
2491,3528
2491,3789
2491,3966
2492,3444
2493,2616
2493,2755
2493,2980
2493,3003
2493,3073
2493,3151
2493,3858
2495,3312
2497,2761
2500,2854
2500,3557
2501,3874
2502,3193
2503,2526
2503,2849
2503,3082
2505,2744
2505,3058
2507,3538
2507,3589
2508,2945
2509,3841
2510,3172
2510,3599
2511,2784
2512,3139
2512,3870
2514,2539
2514,3471
2515,2547
2516,2969
2517,2724
2519,2804
2519,3064
2519,3548
2519,3628
2519,3702
2520,3013
2520,3164
2520,3615
2521,3907
2522,2639
2525,2905
2526,2849
2531,2915
2533,2659
2535,3311
2536,2997
2536,3390
2536,3717
2538,3424
2538,3562
2539,2718
2539,2804
2539,3284
2539,3436
2541,2709
2543,3624
2544,3383
2544,3467
2545,2605
2545,3104
2548,3966
2549,3793
2550,3074
2550,3432
2550,3817
2551,2697
2552,2565
2552,3014
2552,3017
2552,3036
2552,3210
2552,3702
2552,3884
2553,2849
2553,3442
2553,3978
2557,3673
2560,3449
2561,2882
2561,3151
2564,3376
2565,2583
2565,3114
2565,3270
2565,3678
2566,2833
2569,3888
2571,2736
2571,2807
2571,2956
2571,2989
2571,3022
2571,3331
2571,3874
2572,2619
2572,3773
2574,2984
2575,3361
2580,2939
2581,2984
2582,2619
2583,3114
2584,2593
2584,3141
2585,3214
2585,3650
2588,3374
2588,3488
2588,3763
2589,3510
2589,3771
2589,3804
2589,3832
2593,2756
2593,2805
2593,3583
2594,3259
2594,3489
2595,2682
2597,3826
2598,3470
2603,2861
2605,3752
2607,2939
2607,3909
2608,2749
2608,2881
2608,3073
2608,3594
2608,3637
2608,3805
2608,3920
2610,3114
2610,3192
2611,3145
2611,3477
2613,3337
2614,3763
2615,3672
2616,3550
2617,2850
2617,3050
2617,3354
2617,3531
2618,3447
2621,2746
2621,3034
2621,3895
2623,2717
2625,2831
2625,2931
2625,3212
2625,3704
2626,2702
2626,3408
2626,3424
2627,3033
2628,3846
2633,3806
2633,3944
2635,3888
2638,2803
2638,2903
2640,3686
2641,2837
2641,4021
2643,3464
2645,3573
2645,3816
2645,4017
2647,2903
2649,2861
2650,2841
2651,3428
2653,2933
2654,2699
2654,3995
2657,3103
2659,2736
2659,3195
2659,3629
2659,3662
2660,2940
2662,2983
2662,3369
2663,3492
2663,3693
2664,3128
2666,3337
2668,2825
2668,4019
2669,3578
2670,3646
2672,3594
2673,2803
2673,3404
2676,3073
2676,3413
2676,3559
2685,2807
2690,3702
2691,3391
2695,2741
2696,3594
2698,3381
2699,4013
2700,3065
2701,3783
2703,2926
2703,3463
2704,2945
2704,3615
2705,3377
2705,3400
2707,3254
2710,3247
2712,3016
2712,3178
2712,3829
2713,3717
2714,3200
2714,3277
2714,3502
2718,2755
2718,3192
2718,3585
2719,3571
2721,3489
2722,3390
2722,3717
2722,3723
2723,2822
2723,3107
2723,3140
2723,3192
2723,3266
2723,3814
2723,3912
2728,3032
2728,3204
2730,3621
2731,3356
2732,2983
2735,3637
2736,2739
2736,2861
2736,3107
2736,3594
2736,3662
2739,3594
2742,3559
2742,4010
2743,2860
2744,2983
2744,3441
2746,3895
2747,3529
2747,3742
2749,3637
2754,2853
2754,3156
2755,2786
2755,2917
2755,2968
2755,3100
2755,3131
2755,3167
2755,3176
2755,3201
2755,3272
2755,3291
2755,3667
2755,3702
2755,3791
2755,3792
2755,3840
2755,3915
2755,3991
2755,3992
2756,2805
2756,3149
2759,3256
2760,2858
2763,2983
2763,3809
2763,3817
2763,3905
2764,3738
2765,3462
2765,3510
2770,3577
2771,2849
2771,2875
2771,3489
2776,3628
2776,3917
2777,3637
2778,2907
2778,3912
2781,2920
2782,2834
2784,3594
2784,3596
2784,3714
2786,3585
2794,2867
2800,3132
2801,3525
2802,3541
2803,3027
2803,3080
2804,3388
2804,3702
2806,3868
2807,2880
2807,2886
2807,2998
2807,3120
2807,3180
2807,3277
2807,3414
2807,3510
2807,3597
2807,3896
2809,3880
2810,3151
2811,2854
2812,3100
2813,3073
2814,3816
2815,3532
2816,3504
2817,3099
2820,3016
2823,3714
2823,4024
2826,3359
2827,3868
2827,3877
2828,3354
2828,3453
2828,3579
2828,3764
2830,3688
2836,2982
2839,3476
2840,3423
2840,3594
2842,3009
2849,2983
2850,3050
2850,3531
2852,3362
2852,3459
2853,3156
2854,3393
2855,2869
2855,3659
2860,2949
2861,3192
2864,3284
2867,2895
2870,3037
2870,3089
2870,3900
2874,3151
2875,2925
2875,3455
2875,3489
2875,3528
2875,3649
2877,3933
2879,3669
2880,3120
2880,3414
2880,3957
2881,3561
2887,3986
2888,2896
2888,2969
2888,3328
2891,3847
2892,3348
2895,3108
2896,3726
2897,3510
2897,3835
2898,3031
2899,3424
2899,3500
2900,3076
2900,3839
2900,3953
2902,3113
2902,3321
2902,3945
2903,3045
2903,3517
2910,3249
2910,3795
2912,3716
2913,3100
2916,2940
2920,3253
2921,3775
2922,3277
2922,3510
2923,3884
2930,3427
2933,3793
2935,3299
2936,3133
2939,3093
2939,3909
2940,3283
2941,3650
2944,3242
2947,3088
2951,3419
2954,3225
2954,3337
2954,3447
2955,3594
2956,3160
2956,3703
2958,3705
2958,4011
2959,3629
2959,3912
2961,3041
2961,3164
2961,3514
2961,3786
2971,3171
2972,3043
2974,3422
2975,3376
2977,3859
2978,3224
2979,3260
2979,3378
2983,3369
2983,3494
2983,3698
2983,3966
2983,3991
2988,3192
2988,3884
2989,3265
2989,3289
2990,3573
2990,3816
2991,3218
2991,3419
2991,3988
2992,3730
2996,3271
2998,3180
2999,3143
3000,3388
3000,3574
3000,3884
3000,3956
3001,3152
3003,3182
3007,3912
3010,3019
3013,3769
3015,3087
3015,3526
3017,3366
3018,3174
3019,3473
3023,3192
3027,3043
3027,3287
3027,3885
3028,3281
3028,3373
3028,3513
3028,3785
3029,3530
3034,3895
3038,3937
3040,3754
3041,3514
3042,3111
3042,3415
3042,3873
3042,3922
3042,3942
3044,3073
3044,3841
3046,3350
3047,3713
3050,3354
3050,3531
3051,3281
3052,3073
3054,4013
3054,4014
3055,3902
3056,3324
3058,3326
3058,3726
3058,3763
3059,3070
3059,3487
3060,3123
3060,3454
3061,3324
3063,3237
3063,3966
3065,3725
3066,3354
3066,3917
3067,3973
3071,3419
3073,3192
3073,3342
3073,3637
3075,3783
3078,3594
3083,3217
3089,3469
3092,3372
3093,3176
3093,3350
3094,3667
3095,3343
3095,3440
3098,3744
3100,3178
3100,3257
3101,3559
3105,3968
3105,3977
3106,3828
3107,3233
3107,3238
3109,3393
3110,4008
3111,3922
3112,3850
3114,3192
3114,3842
3115,3920
3117,3458
3117,3475
3117,3479
3118,3139
3118,3192
3118,3661
3120,3175
3121,3253
3126,3419
3126,3945
3127,3850
3130,3634
3134,3208
3134,3592
3134,3671
3136,3185
3138,3970
3145,3477
3145,3750
3145,3851
3146,3871
3148,3475
3149,3375
3149,3476
3149,3656
3149,3664
3149,3695
3150,3207
3150,3341
3151,3221
3151,3359
3151,3469
3151,3966
3164,3337
3164,3359
3164,3514
3164,3553
3164,3647
3164,3818
3164,3842
3165,3528
3167,3698
3170,3352
3170,3641
3170,3975
3171,3419
3176,3585
3176,3823
3178,3564
3178,3660
3178,3926
3182,3192
3182,3388
3182,3628
3182,3884
3184,3834
3185,3773
3185,3821
3185,3850
3188,3539
3189,3424
3192,3210
3192,3342
3192,3628
3192,3702
3192,3842
3192,3848
3192,3884
3192,3915
3192,3956
3192,3977
3192,3983
3194,3419
3194,3487
3195,3662
3195,3780
3196,3546
3197,3449
3197,4015
3202,3329
3206,3480
3206,3530
3208,3344
3210,3496
3211,3428
3216,3850
3221,3405
3224,3401
3224,3449
3225,3822
3225,3993
3226,3791
3226,3946
3229,4003
3236,3726
3237,3654
3240,3342
3241,3849
3242,3612
3243,3319
3243,3594
3246,3862
3247,3426
3248,3760
3250,3325
3252,3715
3253,3594
3253,3992
3257,3714
3258,3670
3260,3712
3262,3315
3273,3667
3274,3376
3275,3795
3276,3585
3279,3998
3284,3670
3285,4012
3286,3298
3296,3771
3304,3536
3307,3409
3307,3448
3307,3696
3307,3900
3308,3900
3314,3893
3321,3419
3321,3945
3323,4023
3325,3487
3325,3582
3326,3763
3328,3763
3331,3711
3331,3985
3333,3493
3336,3960
3337,3674
3340,3909
3341,3546
3341,3606
3342,3734
3350,3714
3352,3641
3353,3866
3354,3453
3354,3531
3354,3854
3355,3585
3356,3639
3359,3384
3359,3541
3359,3670
3369,3667
3371,3879
3382,3537
3383,3845
3386,3628
3388,3443
3388,3496
3388,3574
3388,3702
3388,3884
3388,3956
3389,3558
3390,3667
3394,3693
3395,3494
3399,4012
3400,3594
3402,3455
3405,3556
3407,3523
3407,3631
3411,3509
3412,3479
3412,3640
3414,3957
3415,3922
3415,3942
3416,3738
3419,3581
3420,3585
3423,3594
3426,3690
3435,3617
3435,3666
3435,3683
3443,3574
3445,3838
3447,3457
3451,3594
3452,3699
3455,3824
3455,3982
3456,3549
3459,3487
3461,3886
3465,3582
3466,3839
3469,3936
3475,3510
3475,4004
3476,3695
3476,3893
3478,3552
3488,3732
3489,3667
3489,3966
3496,3574
3496,3628
3496,3884
3496,3956
3499,3716
3504,3594
3506,3622
3507,3745
3510,3594
3510,3723
3510,4004
3513,3753
3516,3679
3516,3684
3520,3585
3529,3735
3531,3538
3537,3662
3543,3778
3548,3628
3551,3713
3559,3743
3560,3796
3564,3779
3569,3897
3570,3681
3571,3953
3574,3884
3574,3956
3576,3615
3579,3764
3580,3757
3585,3705
3585,3740
3591,3881
3592,3872
3593,3594
3594,3848
3617,3666
3617,3683
3623,3777
3627,3833
3628,3702
3628,3884
3629,3636
3632,3702
3636,3662
3651,3824
3660,3908
3662,3707
3666,3683
3667,3675
3669,3996
3670,3912
3679,3702
3679,3915
3679,3977
3685,3742
3685,3859
3686,3925
3690,3741
3691,3973
3695,3893
3702,3858
3702,3875
3702,3884
3702,3977
3703,3708
3703,3928
3714,3742
3723,4001
3726,3763
3731,3844
3731,3859
3733,3783
3742,3881
3751,3934
3754,3793
3758,3879
3759,3956
3772,3779
3773,3850
3774,4010
3779,3829
3788,3907
3798,3923
3798,3987
3800,3860
3836,4010
3844,3915
3844,4019
3845,3906
3845,3913
3868,3877
3876,3910
3883,3903
3884,3956
3894,3973
3911,3935
3917,3980
3919,3992
3922,3942
3943,3946
3959,3965
3981,3991
